sfg_code,sfg_article,sfg_origin,create_wip_operation,base_recipe,in_all_sku,catalog_type,needs_cataloguing_as_sfg,item_type,uom,sale_group,batch_strategy,item_group,suggested_shelf_life_days,consumed_by_fgs_count,consumed_by_fgs_sample,possible_existing_match
SFG0001,5 Grain Cereal · WIP · BlendForm,DERIVED_INLINE,Blend & Form,5 grain cereal,N,,Y,sfg,kg,wip,FIFO,BARS & CEREALS,7,1,5 Grain Cereal 35gm,
SFG0002,5 Grain Cereal · WIP · Roast,DERIVED_INLINE,Roasting,5 grain cereal,N,,Y,sfg,kg,wip,FIFO,BARS & CEREALS,45,1,5 Grain Cereal 50 GM,
SFG0003,Al Barakah Dates Oman Seedless · WIP · DeSeed,DERIVED_INLINE,De-Seeding,al barakah dates oman seedless,N,,Y,sfg,kg,wip,FIFO,DATES,7,1,Al Barakah Dates Oman Seedless 1kg,
SFG0004,Al Barakah Dates Safavi Seedless · WIP · DeSeed,DERIVED_INLINE,De-Seeding,al barakah dates safavi seedless,N,,Y,sfg,kg,wip,FIFO,DATES,7,1,Al Barakah Dates Safavi Seedless 400g,
SFG0005,AL BARAKAH KHALAS DATES SEEDLESS · WIP · DeSeed,DERIVED_INLINE,De-Seeding,al barakah khalas dates seedless,N,,Y,sfg,kg,wip,FIFO,DATES,7,1,AL BARAKAH KHALAS DATES SEEDLESS 350GM,
SFG0006,AL BARAKAH PREMIUM SEEDLESS DATES · WIP · DeSeed,DERIVED_INLINE,De-Seeding,al barakah premium seedless dates,N,,Y,sfg,kg,wip,FIFO,DATES,7,1,AL BARAKAH PREMIUM SEEDLESS DATES 500G,
SFG0007,Almond Apricot and Seeds Date Balls · WIP · BlendForm,DERIVED_INLINE,Blend & Form,almond apricot and seeds date balls,N,,Y,sfg,kg,wip,FIFO,TRAIL MIX,7,1,Almond Apricot and Seeds Date Balls 48 gms,
SFG0008,"Almond Blanched, whole",EXISTING_BOM_ARTICLE,Blanching,"almond blanched, whole",Y,rm,Y,sfg,kg,wip,FIFO,ALMOND,2,2,"Almond Blanched Sliced; Almond Blanched, whole",
SFG0009,Almond Cranberry Black currant and seeds Date Balls · WIP · BlendForm,DERIVED_INLINE,Blend & Form,almond cranberry black currant and seeds date balls,N,,Y,sfg,kg,wip,FIFO,TRAIL MIX,7,1,Almond Cranberry Black currant and seeds Date Balls 48 gms,
SFG0010,Almond Masala · WIP · RoastFlav,DERIVED_INLINE,Roast & Flavour/Salt,almond masala,N,,Y,sfg,kg,wip,FIFO,ALMOND,45,1,Almond Masala,
SFG0011,Almond Peri Peri · WIP · RoastFlav,DERIVED_INLINE,Roast & Flavour/Salt,almond peri peri,N,,Y,sfg,kg,wip,FIFO,ALMOND,45,1,Almond Peri Peri,
SFG0012,Almond Sliced,EXISTING_BOM_ARTICLE,Blanch & Slice,almond sliced,Y,rm,Y,sfg,kg,wip,FIFO,ALMOND,7,1,Almond Sliced,
SFG0013,Almonds Kernel Cube Cut · WIP · BlanchSlice,DERIVED_INLINE,Blanch & Slice,almonds kernel cube cut,N,,Y,sfg,kg,wip,FIFO,ALMOND,7,1,Almonds Kernel Cube Cut,
SFG0014,Amazon Brand - Vedaka Raw Sunflower Seeds · WIP · Roast,DERIVED_INLINE,Roasting,amazon brand - vedaka raw sunflower seeds,N,,Y,sfg,kg,wip,FIFO,SEEDS,45,1,Amazon Brand - Vedaka Raw Sunflower Seeds 1 Kg B0D9P1N25J,
SFG0015,Amazon Brand Nuts Berries and Seed Mix · WIP · Roast,DERIVED_INLINE,Roasting,amazon brand nuts berries and seed mix,N,,Y,sfg,kg,wip,FIFO,TRAIL MIX,45,1,Amazon Brand Nuts Berries and Seed Mix 200g (B0B69J57QV),
SFG0016,Amazon Brand Vedaka Dryfruits and Berries Mix · WIP · Roast,DERIVED_INLINE,Roasting,amazon brand vedaka dryfruits and berries mix,N,,Y,sfg,kg,wip,FIFO,TRAIL MIX,45,1,Amazon Brand Vedaka Dryfruits and Berries Mix 200g (B0B69KXW9J),
SFG0017,Amazon Brand Vedaka Dryfruits and Nut Mix · WIP · Roast,DERIVED_INLINE,Roasting,amazon brand vedaka dryfruits and nut mix,N,,Y,sfg,kg,wip,FIFO,TRAIL MIX,45,1,Amazon Brand Vedaka Dryfruits and Nut Mix 200g (B0B69KB4GB),
SFG0018,Antioxidant Mix · WIP · Roast,DERIVED_INLINE,Roasting,antioxidant mix,N,,Y,sfg,kg,wip,FIFO,TRAIL MIX,45,2,Antioxidant Mix 33gm; Antioxidant Mix 35gm,
SFG0019,Barbeque Cashew Bulk,EXISTING_BOM_ARTICLE,Roast & Flavour/Salt,barbeque cashew,Y,fg,Y,sfg,kg,wip,FIFO,CASHEW,45,5,Barbeque Cashew; Barbeque Cashew Bulk; Carnival Barbeque Cashew 100gm; Carnival Barbeque Cashew 200gm; YUMASANA CASHEWS- BARBEQUE 150g,
SFG0020,Barbeque Macadamia · WIP · RoastFlav,DERIVED_INLINE,Roast & Flavour/Salt,barbeque macadamia,N,,Y,sfg,kg,wip,FIFO,PREMIUM NUTS,45,1,Barbeque Macadamia,
SFG0021,Barbeque Makhana · WIP · RoastFlav,DERIVED_INLINE,Roast & Flavour/Salt,barbeque makhana,N,,Y,sfg,kg,wip,FIFO,MAKHANA,45,1,Barbeque Makhana,
SFG0022,"BB Royal Dates - Red, Seedless · WIP · DeSeed",DERIVED_INLINE,De-Seeding,"bb royal dates - red, seedless",N,,Y,sfg,kg,wip,FIFO,DATES,7,1,"BB Royal Dates - Red, Seedless 250 g",
SFG0023,Black Pepper Almonds · WIP · RoastFlav,DERIVED_INLINE,Roast & Flavour/Salt,black pepper almonds,N,,Y,sfg,kg,wip,FIFO,ALMOND,45,1,Black Pepper Almonds,
SFG0024,Black Pepper Cashew Bulk,EXISTING_BOM_ARTICLE,Roast & Flavour/Salt,black pepper cashew,Y,fg,Y,sfg,kg,wip,FIFO,CASHEW,45,7,BLACK PEPPER CASHEW; Black Pepper Cashew Bulk; Cafe Galleries Cashew Black Pepper 250 Gm; Premia Cashew Black Pepper 100 Gm; Royal Traditions Cashew Black Pepper 100g,
SFG0025,Black Pepper Macadamia Trail Mix · WIP · RoastFlav,DERIVED_INLINE,Roast & Flavour/Salt,black pepper macadamia trail mix,N,,Y,sfg,kg,wip,FIFO,PREMIUM NUTS,45,1,Black Pepper Macadamia Trail Mix,
SFG0026,Black Pepper Nutty Seed Mix · WIP · RoastFlav,DERIVED_INLINE,Roast & Flavour/Salt,black pepper nutty seed mix,N,,Y,sfg,kg,wip,FIFO,TRAIL MIX,45,1,Black Pepper Nutty Seed Mix 250gm,
SFG0027,Black Pepper Pecannut · WIP · RoastFlav,DERIVED_INLINE,Roast & Flavour/Salt,black pepper pecannut,N,,Y,sfg,kg,wip,FIFO,PREMIUM NUTS,45,1,Black Pepper Pecannut,
SFG0028,Blackcurrant Date Balls · WIP · BlendForm,DERIVED_INLINE,Blend & Form,blackcurrant date balls,N,,Y,sfg,kg,wip,FIFO,TRAIL MIX,7,1,Blackcurrant Date Balls 48 gms,
SFG0029,Breakfast Mix Bulk · WIP · RoastFlav,DERIVED_INLINE,Roast & Flavour/Salt,breakfast mix,N,,Y,sfg,kg,wip,FIFO,TRAIL MIX,45,1,Breakfast Mix Bulk,Premia Breakfast Mix Bulk
SFG0030,Cafe Galleries Healthy Mewa Mix · WIP · Roast,DERIVED_INLINE,Roasting,cafe galleries healthy mewa mix,N,,Y,sfg,kg,wip,FIFO,TRAIL MIX,45,1,Cafe Galleries Healthy Mewa Mix 250g,
SFG0031,Cafe Galleries Macadamia Nut Salted · WIP · Roast,DERIVED_INLINE,Roasting,cafe galleries macadamia nut salted,N,,Y,sfg,kg,wip,FIFO,PREMIUM NUTS,45,1,Cafe Galleries Macadamia Nut Salted 250g,
SFG0032,Cafe Galleries Premium Cocktail Mix · WIP · Roast,DERIVED_INLINE,Roasting,cafe galleries premium cocktail mix,N,,Y,sfg,kg,wip,FIFO,TRAIL MIX,45,1,Cafe Galleries Premium Cocktail Mix 250g,
SFG0033,Cafe Galleries Pumpkin Seeds · WIP · Roast,DERIVED_INLINE,Roasting,cafe galleries pumpkin seeds,N,,Y,sfg,kg,wip,FIFO,SEEDS,45,1,Cafe Galleries Pumpkin Seeds 250g,
SFG0034,Cafe Galleries Salted Pumpkin Seeds · WIP · RoastFlav,DERIVED_INLINE,Roast & Flavour/Salt,cafe galleries salted pumpkin seeds,N,,Y,sfg,kg,wip,FIFO,SEEDS,45,1,Cafe Galleries Salted Pumpkin Seeds 250g,
SFG0035,Cafe Galleries Seeds Mix · WIP · Roast,DERIVED_INLINE,Roasting,cafe galleries seeds mix,N,,Y,sfg,kg,wip,FIFO,TRAIL MIX,45,1,"Cafe Galleries Seeds Mix, 250g",
SFG0036,Cafe Galleries Sunflower Seeds -  · WIP · Roast,DERIVED_INLINE,Roasting,cafe galleries sunflower seeds,N,,Y,sfg,kg,wip,FIFO,SEEDS,45,1,Cafe Galleries Sunflower Seeds - 250gm,
SFG0037,California Pista Inshell Black Pepper · WIP · RoastFlav,DERIVED_INLINE,Roast & Flavour/Salt,california pista inshell black pepper,N,,Y,sfg,kg,wip,FIFO,PISTA,45,1,California Pista Inshell Black Pepper,
SFG0038,California Pista Inshell Pink Salted · WIP · RoastFlav,DERIVED_INLINE,Roast & Flavour/Salt,california pista inshell pink salted,N,,Y,sfg,kg,wip,FIFO,PISTA,45,1,California Pista Inshell Pink Salted,
SFG0039,California Pista Inshell Roasted and Salted · WIP · RoastFlav,DERIVED_INLINE,Roast & Flavour/Salt,california pista inshell roasted and salted,N,,Y,sfg,kg,wip,FIFO,PISTA,45,1,California Pista Inshell Roasted and Salted,
SFG0040,Caramel Pecannut · WIP · RoastFlav,DERIVED_INLINE,Roast & Flavour/Salt,caramel pecannut,N,,Y,sfg,kg,wip,FIFO,PREMIUM NUTS,45,1,Caramel Pecannut,
SFG0041,Carnial Almond Dragees · WIP · Roast+Enrobe,DERIVED_INLINE,Roasting + Enrobe / Choco-Coat,carnial almond dragees,N,,Y,sfg,kg,wip,FIFO,ALMOND,15,1,Carnial Almond Dragees 100gm,
SFG0042,Carnival Almond Choco Bite · WIP · Roast+Enrobe,DERIVED_INLINE,Roasting + Enrobe / Choco-Coat,carnival almond choco bite,N,,Y,sfg,kg,wip,FIFO,BARS & CEREALS,15,3,Carnival Almond Choco Bite (Dark Chocolate) 100g; Carnival Almond Choco Bite (Milk Chocolate) 100g; Carnival Almond Choco Bite (White Chocolate) 100g,
SFG0043,Carnival Almond Smoked Paprika · WIP · RoastFlav,DERIVED_INLINE,Roast & Flavour/Salt,carnival almond smoked paprika,N,,Y,sfg,kg,wip,FIFO,ALMOND,45,1,Carnival Almond Smoked Paprika 200g,
SFG0044,Carnival Barbeque Makhana · WIP · RoastFlav,DERIVED_INLINE,Roast & Flavour/Salt,carnival barbeque makhana,N,,Y,sfg,kg,wip,FIFO,MAKHANA,45,2,Carnival Barbeque Makhana 125 Gm; Carnival Barbeque Makhana 55g,
SFG0045,Carnival Berry Barbeque Trail Mix · WIP · RoastFlav,DERIVED_INLINE,Roast & Flavour/Salt,carnival berry barbeque trail mix,N,,Y,sfg,kg,wip,FIFO,TRAIL MIX,45,1,Carnival Berry Barbeque Trail Mix 200g,
SFG0046,Carnival Black Pepper Makhana · WIP · RoastFlav,DERIVED_INLINE,Roast & Flavour/Salt,carnival black pepper makhana,N,,Y,sfg,kg,wip,FIFO,MAKHANA,45,2,Carnival Black Pepper Makhana 125 Gm; Carnival Black Pepper Makhana 55g,
SFG0047,Carnival California Pista Roasted and Salted · WIP · RoastFlav,DERIVED_INLINE,Roast & Flavour/Salt,carnival california pista roasted and salted,N,,Y,sfg,kg,wip,FIFO,PISTA,45,1,Carnival California Pista Roasted and Salted 800g,
SFG0048,Carnival Caramel Sesame Walnut · WIP · RoastFlav,DERIVED_INLINE,Roast & Flavour/Salt,carnival caramel sesame walnut,N,,Y,sfg,kg,wip,FIFO,WALNUT,45,2,Carnival Caramel Sesame Walnut 150g; Carnival Caramel Sesame Walnut 70g,
SFG0049,Carnival Chatpata Black Raisins · WIP · RoastFlav,DERIVED_INLINE,Roast & Flavour/Salt,carnival chatpata black raisins,N,,Y,sfg,kg,wip,FIFO,RAISIN,45,1,Carnival Chatpata Black Raisins 100g,
SFG0050,Carnival Cheese Cashew · WIP · RoastFlav,DERIVED_INLINE,Roast & Flavour/Salt,carnival cheese cashew,N,,Y,sfg,kg,wip,FIFO,CASHEW,45,2,Carnival Cheese Cashew 100g; Carnival Cheese Cashew 230g,
SFG0051,Carnival Cheese Makhana · WIP · RoastFlav,DERIVED_INLINE,Roast & Flavour/Salt,carnival cheese makhana,N,,Y,sfg,kg,wip,FIFO,MAKHANA,45,2,Carnival Cheese Makhana 125g; Carnival Cheese Makhana 55g,
SFG0052,Carnival Choco Orange Walnut · WIP · RoastFlav,DERIVED_INLINE,Roast & Flavour/Salt,carnival choco orange walnut,N,,Y,sfg,kg,wip,FIFO,WALNUT,45,1,Carnival Choco Orange Walnut 150gm,
SFG0053,Carnival Classic Date Bites · WIP · BlendForm,DERIVED_INLINE,Blend & Form,carnival classic date bites,N,,Y,sfg,kg,wip,FIFO,BARS & CEREALS,7,1,Carnival Classic Date Bites 357gm,
SFG0054,Carnival Classic Pumpkin Seeds · WIP · Roast,DERIVED_INLINE,Roasting,carnival classic pumpkin seeds,N,,Y,sfg,kg,wip,FIFO,SEEDS,45,1,Carnival Classic Pumpkin Seeds 100g,
SFG0055,Carnival Classic Sunflower Seeds · WIP · Roast,DERIVED_INLINE,Roasting,carnival classic sunflower seeds,N,,Y,sfg,kg,wip,FIFO,SEEDS,45,1,Carnival Classic Sunflower Seeds 100G,
SFG0056,Carnival Cocktail Mix · WIP · RoastFlav,DERIVED_INLINE,Roast & Flavour/Salt,carnival cocktail mix,N,,Y,sfg,kg,wip,FIFO,TRAIL MIX,45,3,Carnival Cocktail Mix 100g; Carnival Cocktail Mix 200g; Carnival Cocktail Mix 250g,
SFG0057,Carnival Cocktail Mix Plain · WIP · RoastFlav,DERIVED_INLINE,Roast & Flavour/Salt,carnival cocktail mix plain,N,,Y,sfg,kg,wip,FIFO,TRAIL MIX,45,1,Carnival Cocktail Mix Plain Pouch 100g,
SFG0058,Carnival Crunchy Caramel Trail Mix · WIP · RoastFlav,DERIVED_INLINE,Roast & Flavour/Salt,carnival crunchy caramel trail mix,N,,Y,sfg,kg,wip,FIFO,TRAIL MIX,45,3,Carnival Crunchy Caramel Trail Mix 100g; Carnival Crunchy Caramel Trail Mix 200g; Carnival Crunchy Caramel Trail Mix 250g,
SFG0059,Carnival Festive Black Raisin Seedless · WIP · DeSeed,DERIVED_INLINE,De-Seeding,carnival festive black raisin seedless,N,,Y,sfg,kg,wip,FIFO,RAISIN,7,1,Carnival Festive Black Raisin Seedless 150gm,
SFG0060,Carnival Festive California Pista · WIP · RoastFlav,DERIVED_INLINE,Roast & Flavour/Salt,carnival festive california pista,N,,Y,sfg,kg,wip,FIFO,PISTA,45,2,Carnival Festive California Pista (21-26) 100gm; Carnival Festive California Pista (21-26) 80gm,
SFG0061,Carnival Festive Chatpata Cranberry · WIP · RoastFlav,DERIVED_INLINE,Roast & Flavour/Salt,carnival festive chatpata cranberry,N,,Y,sfg,kg,wip,FIFO,CRANBERRY,45,1,Carnival Festive Chatpata Cranberry 80gm,
SFG0062,Carnival Festive Crunchy Caramel Trail Mix · WIP · RoastFlav,DERIVED_INLINE,Roast & Flavour/Salt,carnival festive crunchy caramel trail mix,N,,Y,sfg,kg,wip,FIFO,TRAIL MIX,45,1,Carnival Festive Crunchy Caramel Trail Mix 250g,
SFG0063,Carnival Festive Nuts & Seeds Mix · WIP · Roast,DERIVED_INLINE,Roasting,carnival festive nuts & seeds mix,N,,Y,sfg,kg,wip,FIFO,TRAIL MIX,45,1,Carnival Festive Nuts & Seeds Mix 120g,
SFG0064,Carnival Festive Paan Cranberry · WIP · RoastFlav,DERIVED_INLINE,Roast & Flavour/Salt,carnival festive paan cranberry,N,,Y,sfg,kg,wip,FIFO,CRANBERRY,45,1,Carnival Festive Paan Cranberry 125gm,
SFG0065,Carnival Festive Paan Raisin · WIP · RoastFlav,DERIVED_INLINE,Roast & Flavour/Salt,carnival festive paan raisin,N,,Y,sfg,kg,wip,FIFO,RAISIN,45,1,Carnival Festive Paan Raisin 125gm,
SFG0066,Carnival Festive Salted Almonds · WIP · RoastFlav,DERIVED_INLINE,Roast & Flavour/Salt,carnival festive salted almonds,N,,Y,sfg,kg,wip,FIFO,ALMOND,45,3,Carnival Festive Salted Almonds (27-28 Count) 230gm; Carnival Festive Salted Almonds (27-28 count) 100gm; Carnival Festive Salted Almonds (27-28 count) 150gm,
SFG0067,Carnival Festive Salted Cashew · WIP · RoastFlav,DERIVED_INLINE,Roast & Flavour/Salt,carnival festive salted cashew,N,,Y,sfg,kg,wip,FIFO,CASHEW,45,1,Carnival Festive Salted Cashew (320) 230gm,
SFG0068,Carnival Festive Seedless Black Raisin · WIP · DeSeed,DERIVED_INLINE,De-Seeding,carnival festive seedless black raisin,N,,Y,sfg,kg,wip,FIFO,RAISIN,7,1,Carnival Festive Seedless Black Raisin 200gm,
SFG0069,Carnival FestiveSalted Cashew · WIP · RoastFlav,DERIVED_INLINE,Roast & Flavour/Salt,carnival festivesalted cashew,N,,Y,sfg,kg,wip,FIFO,CASHEW,45,1,Carnival FestiveSalted Cashew (320) 100gm,
SFG0070,Carnival Flax Seeds · WIP · Roast,DERIVED_INLINE,Roasting,carnival flax seeds,N,,Y,sfg,kg,wip,FIFO,SEEDS,45,1,Carnival Flax Seeds 100G,
SFG0071,Carnival Ganpati Date Mewa · WIP · BlendForm,DERIVED_INLINE,Blend & Form,carnival ganpati date mewa,N,,Y,sfg,kg,wip,FIFO,FESTIVE HAMPERS,7,1,Carnival Ganpati Date Mewa Box 242g,
SFG0072,Carnival Himalayan Salt & Pepper Pistachios · WIP · RoastFlav,DERIVED_INLINE,Roast & Flavour/Salt,carnival himalayan salt & pepper pistachios,N,,Y,sfg,kg,wip,FIFO,PISTA,45,1,Carnival Himalayan Salt & Pepper Pistachios 25g,
SFG0073,Carnival Honey Roasted Almonds · WIP · RoastFlav,DERIVED_INLINE,Roast & Flavour/Salt,carnival honey roasted almonds,N,,Y,sfg,kg,wip,FIFO,ALMOND,45,1,Carnival Honey Roasted Almonds 100G,
SFG0074,Carnival Mocha Mojo Trail Mix · WIP · RoastFlav,DERIVED_INLINE,Roast & Flavour/Salt,carnival mocha mojo trail mix,N,,Y,sfg,kg,wip,FIFO,TRAIL MIX,45,3,Carnival Mocha Mojo Trail Mix 100g; Carnival Mocha Mojo Trail Mix 200g; Carnival Mocha Mojo Trail Mix 250g,
SFG0075,Carnival Nuts & Seed Mix · WIP · Roast,DERIVED_INLINE,Roasting,carnival nuts & seed mix,N,,Y,sfg,kg,wip,FIFO,TRAIL MIX,45,1,Carnival Nuts & Seed Mix 100gm,
SFG0076,Carnival Pan Raisin · WIP · RoastFlav,DERIVED_INLINE,Roast & Flavour/Salt,carnival pan raisin,N,,Y,sfg,kg,wip,FIFO,RAISIN,45,1,Carnival Pan Raisin 125g,
SFG0077,Carnival Pepper Cashew · WIP · RoastFlav,DERIVED_INLINE,Roast & Flavour/Salt,carnival pepper cashew,N,,Y,sfg,kg,wip,FIFO,CASHEW,45,3,Carnival Pepper Cashew 100G; Carnival Pepper Cashew 125gm; Carnival Pepper Cashew 200G,
SFG0078,Carnival Pepper Pistachios · WIP · RoastFlav,DERIVED_INLINE,Roast & Flavour/Salt,carnival pepper pistachios,N,,Y,sfg,kg,wip,FIFO,PISTA,45,1,Carnival Pepper Pistachios 200G,
SFG0079,Carnival Peri Peri Makhana · WIP · RoastFlav,DERIVED_INLINE,Roast & Flavour/Salt,carnival peri peri makhana,N,,Y,sfg,kg,wip,FIFO,MAKHANA,45,2,Carnival Peri Peri Makhana 125g; Carnival Peri Peri Makhana 55g,
SFG0080,Carnival Peri Peri Walnut · WIP · RoastFlav,DERIVED_INLINE,Roast & Flavour/Salt,carnival peri peri walnut,N,,Y,sfg,kg,wip,FIFO,WALNUT,45,1,Carnival Peri Peri Walnut 150g,
SFG0081,Carnival Popcorn Makhana · WIP · RoastFlav,DERIVED_INLINE,Roast & Flavour/Salt,carnival popcorn makhana,N,,Y,sfg,kg,wip,FIFO,MAKHANA,45,2,Carnival Popcorn Makhana 125g; Carnival Popcorn Makhana 55gm,
SFG0082,Carnival Premium Cocktail Mix · WIP · RoastFlav,DERIVED_INLINE,Roast & Flavour/Salt,carnival premium cocktail mix,N,,Y,sfg,kg,wip,FIFO,TRAIL MIX,45,2,Carnival Premium Cocktail Mix 100g; Carnival Premium Cocktail Mix 250 Gms,
SFG0083,Carnival Pudina Almonds · WIP · RoastFlav,DERIVED_INLINE,Roast & Flavour/Salt,carnival pudina almonds,N,,Y,sfg,kg,wip,FIFO,ALMOND,45,1,Carnival Pudina Almonds 125g,
SFG0084,Carnival Pudina Makhana · WIP · RoastFlav,DERIVED_INLINE,Roast & Flavour/Salt,carnival pudina makhana,N,,Y,sfg,kg,wip,FIFO,MAKHANA,45,1,Carnival Pudina Makhana 125 Gm,
SFG0085,Carnival Roasted & Salted Almonds · WIP · RoastFlav,DERIVED_INLINE,Roast & Flavour/Salt,carnival roasted & salted almonds,N,,Y,sfg,kg,wip,FIFO,ALMOND,45,3,Carnival Roasted & Salted Almonds 100g; Carnival Roasted & Salted Almonds 230g; Carnival Roasted & Salted Almonds 250g,Roasted & Salted Almonds Bulk
SFG0086,Carnival Roasted & Salted Cashew · WIP · RoastFlav,DERIVED_INLINE,Roast & Flavour/Salt,carnival roasted & salted cashew,N,,Y,sfg,kg,wip,FIFO,CASHEW,45,2,Carnival Roasted & Salted Cashew 100g; Carnival Roasted & Salted Cashew 230g,Roasted & Salted Cashew Bulk
SFG0087,Carnival Roasted & Salted Pistachio · WIP · RoastFlav,DERIVED_INLINE,Roast & Flavour/Salt,carnival roasted & salted pistachio,N,,Y,sfg,kg,wip,FIFO,PISTA,45,1,Carnival Roasted & Salted Pistachio 200g,
SFG0088,Carnival Salt & Pepper Walnut · WIP · RoastFlav,DERIVED_INLINE,Roast & Flavour/Salt,carnival salt & pepper walnut,N,,Y,sfg,kg,wip,FIFO,WALNUT,45,1,Carnival Salt & Pepper Walnut 150g,
SFG0089,Carnival Salted Caramel Pecannuts · WIP · RoastFlav,DERIVED_INLINE,Roast & Flavour/Salt,carnival salted caramel pecannuts,N,,Y,sfg,kg,wip,FIFO,PREMIUM NUTS,45,1,Carnival Salted Caramel Pecannuts 80g,
SFG0090,Carnival Simply Thandai · WIP · RoastFlav,DERIVED_INLINE,Roast & Flavour/Salt,carnival simply thandai,N,,Y,sfg,kg,wip,FIFO,TRAIL MIX,45,1,Carnival Simply Thandai 100g,
SFG0091,Carnival Simply Thandai Mix · WIP · RoastFlav,DERIVED_INLINE,Roast & Flavour/Salt,carnival simply thandai mix,N,,Y,sfg,kg,wip,FIFO,TRAIL MIX,45,1,Carnival Simply Thandai Mix 200gm,
SFG0092,Carnival Smoked Almonds · WIP · RoastFlav,DERIVED_INLINE,Roast & Flavour/Salt,carnival smoked almonds,N,,Y,sfg,kg,wip,FIFO,ALMOND,45,1,Carnival Smoked Almonds 100gm,Smoked Almonds Bulk
SFG0093,Cashew Jumbo with Skin Roasted and Salted · WIP · RoastFlav,DERIVED_INLINE,Roast & Flavour/Salt,cashew jumbo with skin roasted and salted,N,,Y,sfg,kg,wip,FIFO,CASHEW,45,1,Cashew Jumbo with Skin Roasted and Salted,
SFG0094,Cashew Masala · WIP · RoastFlav,DERIVED_INLINE,Roast & Flavour/Salt,cashew masala,N,,Y,sfg,kg,wip,FIFO,CASHEW,45,1,Cashew Masala,
SFG0095,Cashew Pink salt · WIP · RoastFlav,DERIVED_INLINE,Roast & Flavour/Salt,cashew pink salt,N,,Y,sfg,kg,wip,FIFO,CASHEW,45,1,Cashew Pink salt,
SFG0096,CCD Energy Bar with Jaggery · WIP · BlendForm,DERIVED_INLINE,Blend & Form,ccd energy bar with jaggery,N,,Y,sfg,kg,wip,FIFO,BARS & CEREALS,7,1,CCD Energy Bar with Jaggery,
SFG0097,Chatpata Black Raisin · WIP · RoastFlav,DERIVED_INLINE,Roast & Flavour/Salt,chatpata black raisin,N,,Y,sfg,kg,wip,FIFO,RAISIN,45,1,Chatpata Black Raisin,
SFG0098,Chatpata Seasoning · WIP · RoastFlav,DERIVED_INLINE,Roast & Flavour/Salt,chatpata seasoning,N,,Y,sfg,kg,wip,FIFO,,45,1,Chatpata Seasoning,
SFG0099,CHATPATA SNACK MIX · WIP · RoastFlav,DERIVED_INLINE,Roast & Flavour/Salt,chatpata snack mix,N,,Y,sfg,kg,wip,FIFO,TRAIL MIX,45,1,CHATPATA SNACK MIX,
SFG0100,Cheese Cashew · WIP · RoastFlav,DERIVED_INLINE,Roast & Flavour/Salt,cheese cashew,N,,Y,sfg,kg,wip,FIFO,CASHEW,45,1,Cheese Cashew,
SFG0101,Cheese Makhana · WIP · RoastFlav,DERIVED_INLINE,Roast & Flavour/Salt,cheese makhana,N,,Y,sfg,kg,wip,FIFO,MAKHANA,45,1,Cheese Makhana,
SFG0102,Chilean Walnut Kernel Quarter BBQ · WIP · RoastFlav,DERIVED_INLINE,Roast & Flavour/Salt,chilean walnut kernel quarter bbq,N,,Y,sfg,kg,wip,FIFO,WALNUT,45,1,Chilean Walnut Kernel Quarter BBQ,Chilean Walnut Kernel Quarter
SFG0103,Chilean Walnut Kernel Quarter caramel · WIP · RoastFlav,DERIVED_INLINE,Roast & Flavour/Salt,chilean walnut kernel quarter caramel,N,,Y,sfg,kg,wip,FIFO,WALNUT,45,1,Chilean Walnut Kernel Quarter caramel,Chilean Walnut Kernel Quarter
SFG0104,Chilean Walnut Kernel Quarter lemon pepper · WIP · RoastFlav,DERIVED_INLINE,Roast & Flavour/Salt,chilean walnut kernel quarter lemon pepper,N,,Y,sfg,kg,wip,FIFO,WALNUT,45,1,Chilean Walnut Kernel Quarter lemon pepper,Chilean Walnut Kernel Quarter
SFG0105,Chilean Walnut Kernel Quarter pepper · WIP · RoastFlav,DERIVED_INLINE,Roast & Flavour/Salt,chilean walnut kernel quarter pepper,N,,Y,sfg,kg,wip,FIFO,WALNUT,45,1,Chilean Walnut Kernel Quarter pepper,Chilean Walnut Kernel Quarter
SFG0106,Chilean Walnut Kernel Quarter peri peri · WIP · RoastFlav,DERIVED_INLINE,Roast & Flavour/Salt,chilean walnut kernel quarter peri peri,N,,Y,sfg,kg,wip,FIFO,WALNUT,45,1,Chilean Walnut Kernel Quarter peri peri,Chilean Walnut Kernel Quarter
SFG0107,Chilli Garlic Masala Seasoning · WIP · RoastFlav,DERIVED_INLINE,Roast & Flavour/Salt,chilli garlic masala seasoning,N,,Y,sfg,kg,wip,FIFO,,45,1,Chilli Garlic Masala Seasoning,
SFG0108,Chipotle Honey Coated Peanuts · WIP · RoastFlav,DERIVED_INLINE,Roast & Flavour/Salt,chipotle honey coated peanuts,N,,Y,sfg,kg,wip,FIFO,PEANUTS,45,2,Chipotle Honey Coated Peanuts 200g; Chipotle Honey Coated Peanuts 70gm,
SFG0109,Choco Crunch Energy Bar · WIP · BlendForm,DERIVED_INLINE,Blend & Form,choco crunch energy bar,N,,Y,sfg,kg,wip,FIFO,BARS & CEREALS,7,1,Choco Crunch Energy Bar 38gm,
SFG0110,Chocolate Coated Almond Dragees · WIP · Roast+Enrobe,DERIVED_INLINE,Roasting + Enrobe / Choco-Coat,chocolate coated almond dragees,N,,Y,sfg,kg,wip,FIFO,TRAIL MIX,15,1,Chocolate Coated Almond Dragees 50gm,
SFG0111,Chocolate Coated Blueberries Dragees · WIP · Roast+Enrobe,DERIVED_INLINE,Roasting + Enrobe / Choco-Coat,chocolate coated blueberries dragees,N,,Y,sfg,kg,wip,FIFO,TRAIL MIX,15,1,Chocolate Coated Blueberries Dragees 50gm,
SFG0112,Classic Flavour Date Mewa · WIP · BlendForm,DERIVED_INLINE,Blend & Form,classic flavour date mewa,N,,Y,sfg,kg,wip,FIFO,BARS & CEREALS,7,1,Classic Flavour Date Mewa 18gm,
SFG0113,Coated Peanuts · WIP · RoastFlav,DERIVED_INLINE,Roast & Flavour/Salt,coated peanuts,N,,Y,sfg,kg,wip,FIFO,PEANUTS,45,1,Coated Peanuts,Barbeque Coated Peanuts Bulk
SFG0114,Coated Peanuts - Magic Masala · WIP · RoastFlav,DERIVED_INLINE,Roast & Flavour/Salt,coated peanuts - magic masala,N,,Y,sfg,kg,wip,FIFO,PEANUTS,45,1,Coated Peanuts - Magic Masala 1Kg,
SFG0115,Cocktail Mix · WIP · RoastFlav,DERIVED_INLINE,Roast & Flavour/Salt,cocktail mix,N,,Y,sfg,kg,wip,FIFO,TRAIL MIX,45,2,Cocktail Mix; Cocktail Mix 230g,
SFG0116,Cocoa Peanut Date Balls · WIP · BlendForm,DERIVED_INLINE,Blend & Form,cocoa peanut date balls,N,,Y,sfg,kg,wip,FIFO,TRAIL MIX,7,1,Cocoa Peanut Date Balls 48 gms,
SFG0117,Coconut Laddubar Mini · WIP · BlendForm,DERIVED_INLINE,Blend & Form,coconut laddubar mini,N,,Y,sfg,kg,wip,FIFO,BARS & CEREALS,7,1,Coconut Laddubar Mini 9g,
SFG0118,Coffee Laddoo · WIP · BlendForm,DERIVED_INLINE,Blend & Form,coffee laddoo,N,,Y,sfg,kg,wip,FIFO,BARS & CEREALS,7,1,Coffee Laddoo 18gm,
SFG0119,Coffee Laddoo Semi Finished · WIP · BlendForm,DERIVED_INLINE,Blend & Form,coffee laddoo semi finished,N,,Y,sfg,kg,wip,FIFO,BARS & CEREALS,7,1,Coffee Laddoo Semi Finished,
SFG0120,Cranberry Date Balls · WIP · BlendForm,DERIVED_INLINE,Blend & Form,cranberry date balls,N,,Y,sfg,kg,wip,FIFO,TRAIL MIX,7,1,Cranberry Date Balls 48 gms,
SFG0121,Crunchy Caramel Trail Mix · WIP · RoastFlav,DERIVED_INLINE,Roast & Flavour/Salt,crunchy caramel trail mix,N,,Y,sfg,kg,wip,FIFO,TRAIL MIX,45,2,Crunchy Caramel Trail Mix; Crunchy Caramel Trail Mix 230g,
SFG0122,CURATE DATE BITES IND · WIP · BlendForm,DERIVED_INLINE,Blend & Form,curate date bites ind,N,,Y,sfg,kg,wip,FIFO,BARS & CEREALS,7,1,CURATE DATE BITES IND 210G,
SFG0123,CURATE DATE BITES ROSE IND · WIP · BlendForm,DERIVED_INLINE,Blend & Form,curate date bites rose ind,N,,Y,sfg,kg,wip,FIFO,BARS & CEREALS,7,2,CURATE DATE BITES ROSE IND 210G; CURATE DATE BITES ROSE IND 360G,
SFG0124,Curate Pista Pishori · WIP · RoastFlav,DERIVED_INLINE,Roast & Flavour/Salt,curate pista pishori,N,,Y,sfg,kg,wip,FIFO,PISTA,45,1,Curate Pista Pishori 200g,
SFG0125,Curate Roasted Hazelnuts · WIP · Roast,DERIVED_INLINE,Roasting,curate roasted hazelnuts,N,,Y,sfg,kg,wip,FIFO,PREMIUM NUTS,45,2,Curate Roasted Hazelnuts 200g; Curate Roasted Hazelnuts 550g Jr,
SFG0126,Daily Mewa Healthy Mix · WIP · RoastFlav,DERIVED_INLINE,Roast & Flavour/Salt,daily mewa healthy mix,N,,Y,sfg,kg,wip,FIFO,TRAIL MIX,45,1,Daily Mewa Healthy Mix,
SFG0127,Dark Almond Draggies · WIP · Roast+Enrobe,DERIVED_INLINE,Roasting + Enrobe / Choco-Coat,dark almond draggies,N,,Y,sfg,kg,wip,FIFO,ALMOND,15,1,Dark Almond Draggies,
SFG0128,Dark Chocolate Coated Almond Stuffed Khalas Single · WIP · DeSeed+Stuff+Enrobe,DERIVED_INLINE,De-Seeding + Stuffing + Enrobe / Choco-Coat,dark chocolate coated almond stuffed khalas single,N,,Y,sfg,kg,wip,FIFO,BARS & CEREALS,3,1,Dark Chocolate Coated Almond Stuffed Khalas Single,
SFG0129,Dark Chocolate Coated Cashew Stuffed Khalas Single · WIP · DeSeed+Stuff+Enrobe,DERIVED_INLINE,De-Seeding + Stuffing + Enrobe / Choco-Coat,dark chocolate coated cashew stuffed khalas single,N,,Y,sfg,kg,wip,FIFO,BARS & CEREALS,3,1,Dark Chocolate Coated Cashew Stuffed Khalas Single,
SFG0130,Dark Chocolate Coated Macadamia · WIP · Roast+Enrobe,DERIVED_INLINE,Roasting + Enrobe / Choco-Coat,dark chocolate coated macadamia,N,,Y,sfg,kg,wip,FIFO,BARS & CEREALS,15,1,Dark Chocolate Coated Macadamia 110g,
SFG0131,Date Balls Coated Coconut · WIP · BlendForm,DERIVED_INLINE,Blend & Form,date balls coated coconut,N,,Y,sfg,kg,wip,FIFO,TRAIL MIX,7,1,Date Balls Coated Coconut (22G X 3),
SFG0132,Date Balls Coated Dark · WIP · BlendForm,DERIVED_INLINE,Blend & Form,date balls coated dark,N,,Y,sfg,kg,wip,FIFO,TRAIL MIX,7,1,Date Balls Coated Dark (22g x 3),
SFG0133,Date Balls Coated Milk · WIP · BlendForm,DERIVED_INLINE,Blend & Form,date balls coated milk,N,,Y,sfg,kg,wip,FIFO,TRAIL MIX,7,1,Date Balls Coated Milk (22g x 3),
SFG0134,Date Balls Coated White · WIP · BlendForm,DERIVED_INLINE,Blend & Form,date balls coated white,N,,Y,sfg,kg,wip,FIFO,TRAIL MIX,7,1,Date Balls Coated White (22g x 3),
SFG0135,3pcs date balls with blister · WIP · BlendForm,DERIVED_INLINE,Blend & Form,date balls with blister,N,,Y,sfg,kg,wip,FIFO,BARS & CEREALS,7,1,3pcs date balls with blister,
SFG0136,Date Bites · WIP · BlendForm,DERIVED_INLINE,Blend & Form,date bites,N,,Y,sfg,kg,wip,FIFO,TRAIL MIX,7,1,Date Bites 9gm,
SFG0137,Date Mewa Festive Gifting & Feast Parcel · WIP · BlendForm,DERIVED_INLINE,Blend & Form,date mewa festive gifting & feast parcel,N,,Y,sfg,kg,wip,FIFO,FESTIVE HAMPERS,7,1,Date Mewa Festive Gifting & Feast Parcel 500gm,
SFG0138,Date Mewa Ladu · WIP · BlendForm,DERIVED_INLINE,Blend & Form,date mewa ladu,N,,Y,sfg,kg,wip,FIFO,TRAIL MIX,7,1,Date Mewa Ladu 18gm,
SFG0139,Dates Delight Khajur Pak · WIP · BlendForm,DERIVED_INLINE,Blend & Form,dates delight khajur pak,N,,Y,sfg,kg,wip,FIFO,TRAIL MIX,7,1,Dates Delight Khajur Pak 375gm,
SFG0140,Dates Mewa Assorted · WIP · BlendForm,DERIVED_INLINE,Blend & Form,dates mewa assorted,N,,Y,sfg,kg,wip,FIFO,TRAIL MIX,7,1,Dates Mewa Assorted 210gm,
SFG0141,Dates Mewa Classic · WIP · BlendForm,DERIVED_INLINE,Blend & Form,dates mewa classic,N,,Y,sfg,kg,wip,FIFO,TRAIL MIX,7,1,Dates Mewa Classic 210gm,
SFG0142,Diced Almond · WIP · BlanchSlice,DERIVED_INLINE,Blanch & Slice,diced almond,N,,Y,sfg,kg,wip,FIFO,,7,1,Diced Almond,
SFG0143,Dr Batra#s Hair Health Protein Bar · WIP · BlendForm,DERIVED_INLINE,Blend & Form,dr batra#s hair health protein bar,N,,Y,sfg,kg,wip,FIFO,BARS & CEREALS,7,1,Dr Batra#s Hair Health Protein Bar 35gm,
SFG0144,Dragees Dark Cranberry · WIP · Roast+Enrobe,DERIVED_INLINE,Roasting + Enrobe / Choco-Coat,dragees dark cranberry,N,,Y,sfg,kg,wip,FIFO,TRAIL MIX,15,1,Dragees Dark Cranberry,
SFG0145,Dragees Milk Cranberry · WIP · Roast+Enrobe,DERIVED_INLINE,Roasting + Enrobe / Choco-Coat,dragees milk cranberry,N,,Y,sfg,kg,wip,FIFO,TRAIL MIX,15,1,Dragees Milk Cranberry,
SFG0146,Dragees White Cranberry · WIP · Roast+Enrobe,DERIVED_INLINE,Roasting + Enrobe / Choco-Coat,dragees white cranberry,N,,Y,sfg,kg,wip,FIFO,TRAIL MIX,15,1,Dragees White Cranberry,
SFG0147,Drangees Dark Almond · WIP · Roast+Enrobe,DERIVED_INLINE,Roasting + Enrobe / Choco-Coat,drangees dark almond,N,,Y,sfg,kg,wip,FIFO,ALMOND,15,1,Drangees Dark Almond,
SFG0148,Dried Masala Mango · WIP · RoastFlav,DERIVED_INLINE,Roast & Flavour/Salt,dried masala mango,N,,Y,sfg,kg,wip,FIFO,DEHYDRATED FRUITS,45,1,Dried Masala Mango,
SFG0149,Dried Masala Pineapple · WIP · RoastFlav,DERIVED_INLINE,Roast & Flavour/Salt,dried masala pineapple,N,,Y,sfg,kg,wip,FIFO,DEHYDRATED FRUITS,45,1,Dried Masala Pineapple,
SFG0150,Dry Fruit · WIP · RoastFlav,DERIVED_INLINE,Roast & Flavour/Salt,dry fruit,N,,Y,sfg,kg,wip,FIFO,FESTIVE HAMPERS,45,1,Dry Fruit Hamper,
SFG0151,Dryfruit instant Energy laddu Bar · WIP · BlendForm,DERIVED_INLINE,Blend & Form,dryfruit instant energy laddu bar,N,,Y,sfg,kg,wip,FIFO,BARS & CEREALS,7,1,Dryfruit instant Energy laddu Bar 35gm,
SFG0152,Dryfruit Instant Energy Laddubar Bites · WIP · BlendForm,DERIVED_INLINE,Blend & Form,dryfruit instant energy laddubar bites,N,,Y,sfg,kg,wip,FIFO,BARS & CEREALS,7,1,Dryfruit Instant Energy Laddubar Bites 9gm,
SFG0153,Dryfruit Instant Energy LadduBar Pack of · WIP · BlendForm,DERIVED_INLINE,Blend & Form,dryfruit instant energy laddubar pack of,N,,Y,sfg,kg,wip,FIFO,BARS & CEREALS,7,1,Dryfruit Instant Energy LadduBar Pack of 5,
SFG0154,Energy Bar - Choco Crunch · WIP · BlendForm,DERIVED_INLINE,Blend & Form,energy bar - choco crunch,N,,Y,sfg,kg,wip,FIFO,BARS & CEREALS,7,1,Energy Bar - Choco Crunch 30gm,
SFG0155,Energy Bar - Fig & Dates · WIP · BlendForm,DERIVED_INLINE,Blend & Form,energy bar - fig & dates,N,,Y,sfg,kg,wip,FIFO,BARS & CEREALS,7,1,Energy Bar - Fig & Dates 30gm,
SFG0156,Energy Bar - Hazelnut Magic · WIP · BlendForm,DERIVED_INLINE,Blend & Form,energy bar - hazelnut magic,N,,Y,sfg,kg,wip,FIFO,BARS & CEREALS,7,1,Energy Bar - Hazelnut Magic 30gm,
SFG0157,Energy Bar - Oats & Apricot · WIP · BlendForm,DERIVED_INLINE,Blend & Form,energy bar - oats & apricot,N,,Y,sfg,kg,wip,FIFO,BARS & CEREALS,7,1,Energy Bar - Oats & Apricot 30gm,
SFG0158,Energy Bars Oats and Dates · WIP · BlendForm,DERIVED_INLINE,Blend & Form,energy bars oats and dates,N,,Y,sfg,kg,wip,FIFO,BARS & CEREALS,7,1,Energy Bars Oats and Dates (Pack of 6) 210gm,
SFG0159,Extra Cheese Seasoning · WIP · RoastFlav,DERIVED_INLINE,Roast & Flavour/Salt,extra cheese seasoning,N,,Y,sfg,kg,wip,FIFO,TAJIR,45,1,Extra Cheese Seasoning (UNC) 1Kg,
SFG0160,Extra Cheese Seasoning Extreme · WIP · RoastFlav,DERIVED_INLINE,Roast & Flavour/Salt,extra cheese seasoning extreme,N,,Y,sfg,kg,wip,FIFO,TAJIR,45,1,Extra Cheese Seasoning Extreme,
SFG0161,Extra Cheese Seasoning-UNC · WIP · RoastFlav,DERIVED_INLINE,Roast & Flavour/Salt,extra cheese seasoning-unc,N,,Y,sfg,kg,wip,FIFO,TAJIR,45,2,Extra Cheese Seasoning-UNC( Malaysian) 15kg; Extra Cheese Seasoning-UNC( Malaysian) 1kg,
SFG0162,Extreme Cheese Seasoning · WIP · RoastFlav,DERIVED_INLINE,Roast & Flavour/Salt,extreme cheese seasoning,N,,Y,sfg,kg,wip,FIFO,TAJIR,45,1,Extreme Cheese Seasoning( Malaysian) 1kg,
SFG0163,FABSTA CASHEWNUT BROKEN · WIP · BlanchSlice,DERIVED_INLINE,Blanch & Slice,fabsta cashewnut broken,N,,Y,sfg,kg,wip,FIFO,CASHEW,7,1,FABSTA CASHEWNUT BROKEN 200G,
SFG0164,FNP Choco Almonds · WIP · Roast+Enrobe,DERIVED_INLINE,Roasting + Enrobe / Choco-Coat,fnp choco almonds,N,,Y,sfg,kg,wip,FIFO,ALMOND,15,1,FNP Choco Almonds 50gm,
SFG0165,FNP Choco Berry Bites · WIP · BlendForm,DERIVED_INLINE,Blend & Form,fnp choco berry bites,N,,Y,sfg,kg,wip,FIFO,TRAIL MIX,7,1,FNP Choco Berry Bites 50gm,
SFG0166,FNP Pistachios Salted & Roasted · WIP · RoastFlav,DERIVED_INLINE,Roast & Flavour/Salt,fnp pistachios salted & roasted,N,,Y,sfg,kg,wip,FIFO,PISTA,45,1,FNP Pistachios Salted & Roasted 50 gm,
SFG0167,Gondh Dryfruit Laddu Bar · WIP · BlendForm,DERIVED_INLINE,Blend & Form,gondh dryfruit laddu bar,N,,Y,sfg,kg,wip,FIFO,BARS & CEREALS,7,1,Gondh Dryfruit Laddu Bar 35gm,
SFG0168,Gondh Dryfruit LadduBar Pack of · WIP · BlendForm,DERIVED_INLINE,Blend & Form,gondh dryfruit laddubar pack of,N,,Y,sfg,kg,wip,FIFO,BARS & CEREALS,7,1,Gondh Dryfruit LadduBar Pack of 6,
SFG0169,Green Chilli Cashew Bulk,EXISTING_BOM_ARTICLE,Roast & Flavour/Salt,green chilli cashew,Y,fg,Y,sfg,kg,wip,FIFO,CASHEW,45,2,Carnival Green Chilli Cashew 230g; Green Chilli Cashew Bulk,
SFG0170,Greendot Coated Peanuts · WIP · RoastFlav,DERIVED_INLINE,Roast & Flavour/Salt,greendot coated peanuts,N,,Y,sfg,kg,wip,FIFO,PEANUTS,45,1,Greendot Coated Peanuts,
SFG0171,Habit Coconut Cream Powder · WIP · RoastFlav,DERIVED_INLINE,Roast & Flavour/Salt,habit coconut cream powder,N,,Y,sfg,kg,wip,FIFO,TAJIR,45,1,Habit Coconut Cream Powder 1 Kg (Instant),
SFG0172,Habit Extra Cheese Seasoning · WIP · RoastFlav,DERIVED_INLINE,Roast & Flavour/Salt,habit extra cheese seasoning,N,,Y,sfg,kg,wip,FIFO,TAJIR,45,1,Habit Extra Cheese Seasoning (15kg),
SFG0173,Healing Hand Oats and Dates Bar · WIP · BlendForm,DERIVED_INLINE,Blend & Form,healing hand oats and dates bar,N,,Y,sfg,kg,wip,FIFO,,7,1,Healing Hand Oats and Dates Bar,
SFG0174,HOH Panch Mewa Mix · WIP · Roast,DERIVED_INLINE,Roasting,hoh panch mewa mix,N,,Y,sfg,kg,wip,FIFO,TRAIL MIX,45,1,HOH Panch Mewa Mix Loose,
SFG0175,Krack Nut Coated Peanuts Magic Masala · WIP · RoastFlav,DERIVED_INLINE,Roast & Flavour/Salt,krack nut coated peanuts magic masala,N,,Y,sfg,kg,wip,FIFO,PEANUTS,45,1,Krack Nut Coated Peanuts Magic Masala 110g,
SFG0176,Krack Nut Coated Peanuts Pudina Patakha · WIP · RoastFlav,DERIVED_INLINE,Roast & Flavour/Salt,krack nut coated peanuts pudina patakha,N,,Y,sfg,kg,wip,FIFO,PEANUTS,45,1,Krack Nut Coated Peanuts Pudina Patakha 25g Not Use,Coated Peanuts Pudina Patakha Bulk
SFG0177,Lemon Pepper Cashew Bulk,EXISTING_BOM_ARTICLE,Roast & Flavour/Salt,lemon pepper cashew,Y,fg,Y,sfg,kg,wip,FIFO,CASHEW,45,2,Lemon Pepper Cashew Bulk; Tasties Lemon Pepper Cashew - Flavourful & Crunchy 75 g,
SFG0178,Mac Snack Dry Roasted Macadamias Munchies · WIP · Roast,DERIVED_INLINE,Roasting,mac snack dry roasted macadamias munchies,N,,Y,sfg,kg,wip,FIFO,,45,1,Mac Snack Dry Roasted Macadamias Munchies 200gm,
SFG0179,Mac Snack Dry Roasted Macadamias Munchies 100gm-style · WIP · Roast,DERIVED_INLINE,Roasting,mac snack dry roasted macadamias munchies -style,N,,Y,sfg,kg,wip,FIFO,,45,1,Mac Snack Dry Roasted Macadamias Munchies 100gm-style 4,
SFG0180,Mac Snack Roasted & Salted Macadamias Munchies 200gm-style · WIP · RoastFlav,DERIVED_INLINE,Roast & Flavour/Salt,mac snack roasted & salted macadamias munchies -style,N,,Y,sfg,kg,wip,FIFO,,45,1,Mac Snack Roasted & Salted Macadamias Munchies 200gm-style 4,
SFG0181,Mac Snack Roasted Macadamias Munchies 100gm-style · WIP · RoastFlav,DERIVED_INLINE,Roast & Flavour/Salt,mac snack roasted macadamias munchies -style,N,,Y,sfg,kg,wip,FIFO,,45,1,Mac Snack Roasted Macadamias Munchies 100gm-style 4,
SFG0182,Macadamia Roasted & Salted style · WIP · RoastFlav,DERIVED_INLINE,Roast & Flavour/Salt,macadamia roasted & salted style,N,,Y,sfg,kg,wip,FIFO,PREMIUM NUTS,45,1,Macadamia Roasted & Salted style 4,
SFG0183,Makhana Black Pepper · WIP · RoastFlav,DERIVED_INLINE,Roast & Flavour/Salt,makhana black pepper,N,,Y,sfg,kg,wip,FIFO,MAKHANA,45,1,Makhana Black Pepper,
SFG0184,Makhana Black Salt · WIP · RoastFlav,DERIVED_INLINE,Roast & Flavour/Salt,makhana black salt,N,,Y,sfg,kg,wip,FIFO,MAKHANA,45,1,Makhana Black Salt 75gm,
SFG0185,Makhana Chilli Lime · WIP · RoastFlav,DERIVED_INLINE,Roast & Flavour/Salt,makhana chilli lime,N,,Y,sfg,kg,wip,FIFO,MAKHANA,45,1,Makhana Chilli Lime 75gm,
SFG0186,Makhana Himalayan Pink Salt · WIP · RoastFlav,DERIVED_INLINE,Roast & Flavour/Salt,makhana himalayan pink salt,N,,Y,sfg,kg,wip,FIFO,MAKHANA,45,1,Makhana Himalayan Pink Salt,
SFG0187,Makhana Masala · WIP · RoastFlav,DERIVED_INLINE,Roast & Flavour/Salt,makhana masala,N,,Y,sfg,kg,wip,FIFO,MAKHANA,45,1,Makhana Masala,
SFG0188,Makhana Peri Peri · WIP · RoastFlav,DERIVED_INLINE,Roast & Flavour/Salt,makhana peri peri,N,,Y,sfg,kg,wip,FIFO,MAKHANA,45,1,Makhana Peri Peri,
SFG0189,Masala Cashew · WIP · RoastFlav,DERIVED_INLINE,Roast & Flavour/Salt,masala cashew,N,,Y,sfg,kg,wip,FIFO,CASHEW,45,1,Masala Cashew,
SFG0190,Methi Dryfruit Laddu bar · WIP · BlendForm,DERIVED_INLINE,Blend & Form,methi dryfruit laddu bar,N,,Y,sfg,kg,wip,FIFO,BARS & CEREALS,7,1,Methi Dryfruit Laddu bar 35gm,
SFG0191,Milk Almond Draggies · WIP · Roast+Enrobe,DERIVED_INLINE,Roasting + Enrobe / Choco-Coat,milk almond draggies,N,,Y,sfg,kg,wip,FIFO,ALMOND,15,1,Milk Almond Draggies,
SFG0192,Milk Chocolate Coated Date Bites · WIP · BlendForm,DERIVED_INLINE,Blend & Form,milk chocolate coated date bites,N,,Y,sfg,kg,wip,FIFO,BARS & CEREALS,7,1,Milk Chocolate Coated Date Bites,
SFG0193,Mocha Mojo Trail Mix · WIP · RoastFlav,DERIVED_INLINE,Roast & Flavour/Salt,mocha mojo trail mix,N,,Y,sfg,kg,wip,FIFO,TRAIL MIX,45,1,Mocha Mojo Trail Mix,
SFG0194,Moon Freeze Banana Date Fruit Bar · WIP · BlendForm,DERIVED_INLINE,Blend & Form,moon freeze banana date fruit bar,N,,Y,sfg,kg,wip,FIFO,BARS & CEREALS,7,2,Moon Freeze Banana Date Fruit Bar - 10 GM; Moon Freeze Banana Date Fruit Bar - 45 Gm,
SFG0195,Moon Freeze Mango Date Fruit Bar · WIP · BlendForm,DERIVED_INLINE,Blend & Form,moon freeze mango date fruit bar,N,,Y,sfg,kg,wip,FIFO,BARS & CEREALS,7,2,Moon Freeze Mango Date Fruit Bar - 10 GM; Moon Freeze Mango Date Fruit Bar - 45 Gm,
SFG0196,Moon Freeze Pineapple Date Fruit Bar · WIP · BlendForm,DERIVED_INLINE,Blend & Form,moon freeze pineapple date fruit bar,N,,Y,sfg,kg,wip,FIFO,BARS & CEREALS,7,2,Moon Freeze Pineapple Date Fruit Bar - 45 Gm; Moon Freeze Pineapple Date Fruit Bar -10 GM,
SFG0197,Moon Freeze Strawberry Date Fruit Bar · WIP · BlendForm,DERIVED_INLINE,Blend & Form,moon freeze strawberry date fruit bar,N,,Y,sfg,kg,wip,FIFO,BARS & CEREALS,7,2,Moon Freeze Strawberry Date Fruit Bar - 45 Gm; Moon Freeze Strawberry Date Fruit Bar -10 GM,
SFG0198,Natures Cashew Split · WIP · BlanchSlice,DERIVED_INLINE,Blanch & Slice,natures cashew split,N,,Y,sfg,kg,wip,FIFO,CASHEW,7,1,Natures Cashew Split 200g (1356008),
SFG0199,NATURES MACADAMIA ROASTED&SALTED · WIP · RoastFlav,DERIVED_INLINE,Roast & Flavour/Salt,natures macadamia roasted&salted,N,,Y,sfg,kg,wip,FIFO,PREMIUM NUTS,45,1,NATURES MACADAMIA ROASTED&SALTED 100g (1443558),
SFG0200,NB BARBEQUE ALMOND · WIP · RoastFlav,DERIVED_INLINE,Roast & Flavour/Salt,nb barbeque almond,N,,Y,sfg,kg,wip,FIFO,ALMOND,45,1,NB BARBEQUE ALMOND LOOSE,
SFG0201,NB BARBEQUE CASHEW · WIP · RoastFlav,DERIVED_INLINE,Roast & Flavour/Salt,nb barbeque cashew,N,,Y,sfg,kg,wip,FIFO,CASHEW,45,1,NB BARBEQUE CASHEW LOOSE,Barbeque Cashew Bulk
SFG0202,NB BLACK PEPPER CASHEW · WIP · RoastFlav,DERIVED_INLINE,Roast & Flavour/Salt,nb black pepper cashew,N,,Y,sfg,kg,wip,FIFO,CASHEW,45,1,NB BLACK PEPPER CASHEW LOOSE,Black Pepper Cashew Bulk
SFG0203,NB CHARCOAL CASHEW · WIP · RoastFlav,DERIVED_INLINE,Roast & Flavour/Salt,nb charcoal cashew,N,,Y,sfg,kg,wip,FIFO,CASHEW,45,1,NB CHARCOAL CASHEW LOOSE,
SFG0204,NB CHEESE CASHEW · WIP · RoastFlav,DERIVED_INLINE,Roast & Flavour/Salt,nb cheese cashew,N,,Y,sfg,kg,wip,FIFO,CASHEW,45,1,NB CHEESE CASHEW LOOSE,
SFG0205,NB GREEN CHILLY CASHEW · WIP · RoastFlav,DERIVED_INLINE,Roast & Flavour/Salt,nb green chilly cashew,N,,Y,sfg,kg,wip,FIFO,CASHEW,45,1,NB GREEN CHILLY CASHEW LOOSE,
SFG0206,NB MASALA CASHEW · WIP · RoastFlav,DERIVED_INLINE,Roast & Flavour/Salt,nb masala cashew,N,,Y,sfg,kg,wip,FIFO,CASHEW,45,1,NB MASALA CASHEW LOOSE,
SFG0207,NB MASALA RAISIN · WIP · RoastFlav,DERIVED_INLINE,Roast & Flavour/Salt,nb masala raisin,N,,Y,sfg,kg,wip,FIFO,RAISIN,45,1,NB MASALA RAISIN LOOSE,
SFG0208,NB PAAN RAISIN · WIP · RoastFlav,DERIVED_INLINE,Roast & Flavour/Salt,nb paan raisin,N,,Y,sfg,kg,wip,FIFO,RAISIN,45,1,NB PAAN RAISIN LOOSE,
SFG0209,NB PERI-PERI CASHEW · WIP · RoastFlav,DERIVED_INLINE,Roast & Flavour/Salt,nb peri-peri cashew,N,,Y,sfg,kg,wip,FIFO,CASHEW,45,1,NB PERI-PERI CASHEW LOOSE,
SFG0210,NB ROASTED & SALTED ALMOND · WIP · RoastFlav,DERIVED_INLINE,Roast & Flavour/Salt,nb roasted & salted almond,N,,Y,sfg,kg,wip,FIFO,ALMOND,45,1,NB ROASTED & SALTED ALMOND LOOSE,
SFG0211,NB ROASTED & SALTED CASHEW · WIP · RoastFlav,DERIVED_INLINE,Roast & Flavour/Salt,nb roasted & salted cashew,N,,Y,sfg,kg,wip,FIFO,CASHEW,45,1,NB ROASTED & SALTED CASHEW LOOSE,Roasted & Salted Cashew Bulk
SFG0212,NB ROASTED MACADAMIA INSHELL · WIP · Roast,DERIVED_INLINE,Roasting,nb roasted macadamia inshell,N,,Y,sfg,kg,wip,FIFO,PREMIUM NUTS,45,1,NB ROASTED MACADAMIA INSHELL LOOSE,
SFG0213,NB SMOKED ALMOND · WIP · RoastFlav,DERIVED_INLINE,Roast & Flavour/Salt,nb smoked almond,N,,Y,sfg,kg,wip,FIFO,ALMOND,45,1,NB SMOKED ALMOND LOOSE,
SFG0214,NOICE Date Bites · WIP · BlendForm,DERIVED_INLINE,Blend & Form,noice date bites,N,,Y,sfg,kg,wip,FIFO,BARS & CEREALS,7,1,NOICE Date Bites (18g*5),
SFG0215,Nut Flex - Italian Herbs · WIP · RoastFlav,DERIVED_INLINE,Roast & Flavour/Salt,nut flex - italian herbs,N,,Y,sfg,kg,wip,FIFO,TRAIL MIX,45,2,Nut Flex - Italian Herbs 33gm; Nut Flex - Italian Herbs 35gm,
SFG0216,Nuts and Cardamom Date Balls · WIP · BlendForm,DERIVED_INLINE,Blend & Form,nuts and cardamom date balls,N,,Y,sfg,kg,wip,FIFO,TRAIL MIX,7,1,Nuts and Cardamom Date Balls 48 gms,
SFG0217,Omega Mix- Lemon Pepper · WIP · RoastFlav,DERIVED_INLINE,Roast & Flavour/Salt,omega mix- lemon pepper,N,,Y,sfg,kg,wip,FIFO,TRAIL MIX,45,1,Omega Mix- Lemon Pepper 35gm,
SFG0218,ON THE RUN Assorted Energy Bars · WIP · BlendForm,DERIVED_INLINE,Blend & Form,on the run assorted energy bars,N,,Y,sfg,kg,wip,FIFO,BARS & CEREALS,7,1,ON THE RUN Assorted Energy Bars (Pack of 6x30g),
SFG0219,ON THE RUN Choco Crunch Energy Bars · WIP · BlendForm,DERIVED_INLINE,Blend & Form,on the run choco crunch energy bars,N,,Y,sfg,kg,wip,FIFO,BARS & CEREALS,7,1,ON THE RUN Choco Crunch Energy Bars 30g,
SFG0220,On the Run Coffee Bite · WIP · BlendForm,DERIVED_INLINE,Blend & Form,on the run coffee bite,N,,Y,sfg,kg,wip,FIFO,BARS & CEREALS,7,1,On the Run Coffee Bite 10g,
SFG0221,ON THE RUN Fig and Date Energy Bar · WIP · BlendForm,DERIVED_INLINE,Blend & Form,on the run fig and date energy bar,N,,Y,sfg,kg,wip,FIFO,BARS & CEREALS,7,2,ON THE RUN Fig and Date Energy Bar (Pack of 6x30 g); ON THE RUN Fig and Date Energy Bar 30g,
SFG0222,ON THE RUN Hazelnut Magic Energy Bar · WIP · BlendForm,DERIVED_INLINE,Blend & Form,on the run hazelnut magic energy bar,N,,Y,sfg,kg,wip,FIFO,BARS & CEREALS,7,1,ON THE RUN Hazelnut Magic Energy Bar 30g,
SFG0223,"ON THE RUN Oats, Apricot & Cranberry Energy Bar · WIP · BlendForm",DERIVED_INLINE,Blend & Form,"on the run oats, apricot & cranberry energy bar",N,,Y,sfg,kg,wip,FIFO,BARS & CEREALS,7,1,"ON THE RUN Oats, Apricot & Cranberry Energy Bar 30g",
SFG0224,Ontherun Coffee Bite · WIP · BlendForm,DERIVED_INLINE,Blend & Form,ontherun coffee bite,N,,Y,sfg,kg,wip,FIFO,BARS & CEREALS,7,2,Ontherun Coffee Bite (Pack of 15x10g); Ontherun Coffee Bite (Pack of 6*10g),
SFG0225,Pan Cranberry · WIP · RoastFlav,DERIVED_INLINE,Roast & Flavour/Salt,pan cranberry,N,,Y,sfg,kg,wip,FIFO,CRANBERRY,45,1,Pan Cranberry,
SFG0226,Pan Raisin · WIP · RoastFlav,DERIVED_INLINE,Roast & Flavour/Salt,pan raisin,N,,Y,sfg,kg,wip,FIFO,RAISIN,45,1,Pan Raisin,
SFG0227,PEANUT BUTTER · WIP · RoastFlav,DERIVED_INLINE,Roast & Flavour/Salt,peanut butter,N,,Y,sfg,kg,wip,FIFO,TRAIL MIX,45,1,PEANUT BUTTER,
SFG0228,Peanut Coated Spanish Tomato · WIP · RoastFlav,DERIVED_INLINE,Roast & Flavour/Salt,peanut coated spanish tomato,N,,Y,sfg,kg,wip,FIFO,PEANUTS,45,1,Peanut Coated Spanish Tomato,
SFG0229,Pecans Roasted and Salted · WIP · RoastFlav,DERIVED_INLINE,Roast & Flavour/Salt,pecans roasted and salted,N,,Y,sfg,kg,wip,FIFO,PREMIUM NUTS,45,1,Pecans Roasted and Salted,
SFG0230,Peper Garlic Cashew · WIP · RoastFlav,DERIVED_INLINE,Roast & Flavour/Salt,peper garlic cashew,N,,Y,sfg,kg,wip,FIFO,CASHEW,45,1,Peper Garlic Cashew,
SFG0231,Pepper Cashew · WIP · RoastFlav,DERIVED_INLINE,Roast & Flavour/Salt,pepper cashew,N,,Y,sfg,kg,wip,FIFO,CASHEW,45,1,Pepper Cashew,Black Pepper Cashew Bulk
SFG0232,Pepper Pista · WIP · RoastFlav,DERIVED_INLINE,Roast & Flavour/Salt,pepper pista,N,,Y,sfg,kg,wip,FIFO,PISTA,45,1,Pepper Pista 100g Pet,
SFG0233,Pepper Pista Inshell · WIP · RoastFlav,DERIVED_INLINE,Roast & Flavour/Salt,pepper pista inshell,N,,Y,sfg,kg,wip,FIFO,PISTA,45,1,Pepper Pista Inshell,
SFG0234,PEPPER SNACK MIX · WIP · RoastFlav,DERIVED_INLINE,Roast & Flavour/Salt,pepper snack mix,N,,Y,sfg,kg,wip,FIFO,TRAIL MIX,45,1,PEPPER SNACK MIX,
SFG0235,Peri Peri Cashew Bulk,EXISTING_BOM_ARTICLE,Roast & Flavour/Salt,peri peri cashew,Y,fg,Y,sfg,kg,wip,FIFO,CASHEW,45,6,Carnival Peri Peri Cashew 150gm; Carnival Peri Peri Cashew 200gm; Peri Peri Cashew; Peri Peri Cashew Bulk; Tasties Peri Peri Cashew - Flavourful & Crunchy 75 g,
SFG0236,Peri Peri Pecannut · WIP · RoastFlav,DERIVED_INLINE,Roast & Flavour/Salt,peri peri pecannut,N,,Y,sfg,kg,wip,FIFO,PREMIUM NUTS,45,1,Peri Peri Pecannut,
SFG0237,Pink Salt Almonds Bulk,EXISTING_BOM_ARTICLE,Roast & Flavour/Salt,pink salt almonds,Y,fg,Y,sfg,kg,wip,FIFO,ALMOND,45,2,Pink Salt Almonds Bulk; Tasties Roasted Almonds With Pink Salt - Flavourful & Crunchy 75 g,
SFG0238,Pista Akbari Roasted and Salted · WIP · RoastFlav,DERIVED_INLINE,Roast & Flavour/Salt,pista akbari roasted and salted,N,,Y,sfg,kg,wip,FIFO,PISTA,45,1,Pista Akbari Roasted and Salted,
SFG0239,Pista Irani 101 Inshell Roasted and salted · WIP · RoastFlav,DERIVED_INLINE,Roast & Flavour/Salt,pista irani 101 inshell roasted and salted,N,,Y,sfg,kg,wip,FIFO,PISTA,45,1,Pista Irani 101 Inshell Roasted and salted,
SFG0240,Pista Irani Inshell Roasted and Salted · WIP · RoastFlav,DERIVED_INLINE,Roast & Flavour/Salt,pista irani inshell roasted and salted,N,,Y,sfg,kg,wip,FIFO,PISTA,45,1,Pista Irani Inshell Roasted and Salted,
SFG0241,PISTA PERI PERI · WIP · RoastFlav,DERIVED_INLINE,Roast & Flavour/Salt,pista peri peri,N,,Y,sfg,kg,wip,FIFO,PISTA,45,1,PISTA PERI PERI,
SFG0242,Plain Coated Peanuts · WIP · RoastFlav,DERIVED_INLINE,Roast & Flavour/Salt,plain coated peanuts,N,,Y,sfg,kg,wip,FIFO,PEANUTS,45,1,Plain Coated Peanuts,
SFG0243,Planck Foods Multi Millet 5 GC puffs · WIP · Roast,DERIVED_INLINE,Roasting,planck foods multi millet 5 gc puffs,N,,Y,sfg,kg,wip,FIFO,BARS & CEREALS,45,1,Planck Foods Multi Millet 5 GC puffs 210g,
SFG0244,Premium Trail Mix · WIP · RoastFlav,DERIVED_INLINE,Roast & Flavour/Salt,premium trail mix,N,,Y,sfg,kg,wip,FIFO,TRAIL MIX,45,1,Premium Trail Mix 100gm,
SFG0245,Pudina Cashew · WIP · RoastFlav,DERIVED_INLINE,Roast & Flavour/Salt,pudina cashew,N,,Y,sfg,kg,wip,FIFO,CASHEW,45,1,Pudina Cashew,
SFG0246,Pudina Makhana · WIP · RoastFlav,DERIVED_INLINE,Roast & Flavour/Salt,pudina makhana,N,,Y,sfg,kg,wip,FIFO,MAKHANA,45,1,Pudina Makhana,
SFG0247,Pumpkin Seeds Roasted · WIP · Roast,DERIVED_INLINE,Roasting,pumpkin seeds roasted,N,,Y,sfg,kg,wip,FIFO,SEEDS,45,1,Pumpkin Seeds Roasted,
SFG0248,Pumpkin Seeds Roasted and Salted · WIP · RoastFlav,DERIVED_INLINE,Roast & Flavour/Salt,pumpkin seeds roasted and salted,N,,Y,sfg,kg,wip,FIFO,SEEDS,45,1,Pumpkin Seeds Roasted and Salted,
SFG0249,Red Dates Seedless · WIP · DeSeed,DERIVED_INLINE,De-Seeding,red dates seedless,N,,Y,sfg,kg,wip,FIFO,DATES,7,1,Red Dates Seedless 500 Gm,
SFG0250,Rhine Valley Almond & Coffee Date Bar · WIP · BlendForm,DERIVED_INLINE,Blend & Form,rhine valley almond & coffee date bar,N,,Y,sfg,kg,wip,FIFO,BARS & CEREALS,7,1,Rhine Valley Almond & Coffee Date Bar 50gm,
SFG0251,Rhine Valley Almond & Cranberry Date Bar · WIP · BlendForm,DERIVED_INLINE,Blend & Form,rhine valley almond & cranberry date bar,N,,Y,sfg,kg,wip,FIFO,BARS & CEREALS,7,1,Rhine Valley Almond & Cranberry Date Bar 50gm,
SFG0252,Rhine Valley Almond & Orange Dark Chocolate Date Bar · WIP · BlendForm,DERIVED_INLINE,Blend & Form,rhine valley almond & orange dark chocolate date bar,N,,Y,sfg,kg,wip,FIFO,BARS & CEREALS,7,1,Rhine Valley Almond & Orange Dark Chocolate Date Bar 50gm,
SFG0253,Rhine Valley Barbeque Trail Mix · WIP · RoastFlav,DERIVED_INLINE,Roast & Flavour/Salt,rhine valley barbeque trail mix,N,,Y,sfg,kg,wip,FIFO,TRAIL MIX,45,1,Rhine Valley Barbeque Trail Mix 100gm,
SFG0254,Rhine Valley Black Pepper Trail Mix · WIP · RoastFlav,DERIVED_INLINE,Roast & Flavour/Salt,rhine valley black pepper trail mix,N,,Y,sfg,kg,wip,FIFO,TRAIL MIX,45,1,Rhine Valley Black Pepper Trail Mix 100gm,
SFG0255,Rhine Valley Fruit & Nut Date Bar · WIP · BlendForm,DERIVED_INLINE,Blend & Form,rhine valley fruit & nut date bar,N,,Y,sfg,kg,wip,FIFO,BARS & CEREALS,7,1,Rhine Valley Fruit & Nut Date Bar 50gm,
SFG0256,Rhine Valley Himalayan Pink Salt Trail Mix · WIP · RoastFlav,DERIVED_INLINE,Roast & Flavour/Salt,rhine valley himalayan pink salt trail mix,N,,Y,sfg,kg,wip,FIFO,TRAIL MIX,45,1,Rhine Valley Himalayan Pink Salt Trail Mix 100gm,
SFG0257,Rhine Valley Masala Trail mix · WIP · RoastFlav,DERIVED_INLINE,Roast & Flavour/Salt,rhine valley masala trail mix,N,,Y,sfg,kg,wip,FIFO,TRAIL MIX,45,1,Rhine Valley Masala Trail mix 100g,
SFG0258,Rhine Valley Peri Peri Trail Mix · WIP · RoastFlav,DERIVED_INLINE,Roast & Flavour/Salt,rhine valley peri peri trail mix,N,,Y,sfg,kg,wip,FIFO,TRAIL MIX,45,1,Rhine Valley Peri Peri Trail Mix 100gm,
SFG0259,"Rhine Valley Raspberry, Almond & Dark Chocolate Date Bar · WIP · BlendForm",DERIVED_INLINE,Blend & Form,"rhine valley raspberry, almond & dark chocolate date bar",N,,Y,sfg,kg,wip,FIFO,BARS & CEREALS,7,1,"Rhine Valley Raspberry, Almond & Dark Chocolate Date Bar 50gm",
SFG0260,Rhine Valley Rose & Pistachio Date Bar · WIP · BlendForm,DERIVED_INLINE,Blend & Form,rhine valley rose & pistachio date bar,N,,Y,sfg,kg,wip,FIFO,BARS & CEREALS,7,1,Rhine Valley Rose & Pistachio Date Bar 50gm,
SFG0261,Roasted & Salted Almonds Bulk,EXISTING_BOM_ARTICLE,Roast & Flavour/Salt,roasted & salted almonds,Y,fg,Y,sfg,kg,wip,FIFO,ALMOND,45,8,Ez Almond Rstd Salted Loose; FNP Almonds 26-29 - Salted & Roasted 50 gm; Premia Almond Salted 100 Gm; Roasted & Salted Almonds; Roasted & Salted Almonds 140g,
SFG0262,Roasted & Salted Cashew Bulk,EXISTING_BOM_ARTICLE,Roast & Flavour/Salt,roasted & salted cashew,Y,fg,Y,sfg,kg,wip,FIFO,CASHEW,45,9,Cafe Galleries Salted Cashew 210- 250gm; Carnival Cashew Roasted And Salted 250g; Roasted & Salted Cashew; Roasted & Salted Cashew  140g; Roasted & Salted Cashew 75gm,
SFG0263,Roasted & Salted Pecan Nuts · WIP · RoastFlav,DERIVED_INLINE,Roast & Flavour/Salt,roasted & salted pecan nuts,N,,Y,sfg,kg,wip,FIFO,PREMIUM NUTS,45,1,Roasted & Salted Pecan Nuts 75gm,
SFG0264,Roasted & Salted Pista · WIP · RoastFlav,DERIVED_INLINE,Roast & Flavour/Salt,roasted & salted pista,N,,Y,sfg,kg,wip,FIFO,PISTA,45,1,Roasted & Salted Pista 230g,
SFG0265,Roasted Black Sesame (Kale Til) Seeds · WIP · Roast,DERIVED_INLINE,Roasting,roasted black sesame (kale til) seeds,N,,Y,sfg,kg,wip,FIFO,SEEDS,45,1,Roasted Black Sesame (Kale Til) Seeds,
SFG0266,Roasted Flax Seeds · WIP · Roast,DERIVED_INLINE,Roasting,roasted flax seeds,N,,Y,sfg,kg,wip,FIFO,SEEDS,45,1,Roasted Flax Seeds,
SFG0267,Roasted Makhana · WIP · Roast,DERIVED_INLINE,Roasting,roasted makhana,N,,Y,sfg,kg,wip,FIFO,MAKHANA,45,1,Roasted Makhana,
SFG0268,Roasted Peanuts · WIP · Roast,DERIVED_INLINE,Roasting,roasted peanuts,N,,Y,sfg,kg,wip,FIFO,,45,1,Roasted Peanuts,
SFG0269,Roasted Peanuts Split · WIP · Roast,DERIVED_INLINE,Roasting,roasted peanuts split,N,,Y,sfg,kg,wip,FIFO,PEANUTS,45,1,Roasted Peanuts Split,
SFG0270,Roasted Poppy Seed · WIP · Roast,DERIVED_INLINE,Roasting,roasted poppy seed,N,,Y,sfg,kg,wip,FIFO,SEEDS,45,1,Roasted Poppy Seed,
SFG0271,Roasted Salted Flax Seeds · WIP · Roast,DERIVED_INLINE,Roasting,roasted salted flax seeds,N,,Y,sfg,kg,wip,FIFO,SEEDS,45,1,Roasted Salted Flax Seeds,
SFG0272,Roasted White Sesame (Safed Til) Seeds · WIP · Roast,DERIVED_INLINE,Roasting,roasted white sesame (safed til) seeds,N,,Y,sfg,kg,wip,FIFO,SEEDS,45,1,Roasted White Sesame (Safed Til) Seeds,
SFG0273,Royal Delight Stuff Medjoul Dates · WIP · DeSeed+Stuff,DERIVED_INLINE,De-Seeding + Stuffing,royal delight stuff medjoul dates,N,,Y,sfg,kg,wip,FIFO,DATES,3,1,Royal Delight Stuff Medjoul Dates 21 Pcs,
SFG0274,Royal Delight Stuffed Medjoul Dates · WIP · DeSeed+Stuff,DERIVED_INLINE,De-Seeding + Stuffing,royal delight stuffed medjoul dates,N,,Y,sfg,kg,wip,FIFO,DATES,3,1,Royal Delight Stuffed Medjoul Dates 12 Pcs,
SFG0275,Royal Delight Stuffed Medjul Large Dates · WIP · DeSeed+Stuff,DERIVED_INLINE,De-Seeding + Stuffing,royal delight stuffed medjul large dates,N,,Y,sfg,kg,wip,FIFO,DATES,3,1,Royal Delight Stuffed Medjul Large Dates 12 Pieces,
SFG0276,ROYAL TRADITON SNACK MASALA MIX · WIP · RoastFlav,DERIVED_INLINE,Roast & Flavour/Salt,royal traditon snack masala mix,N,,Y,sfg,kg,wip,FIFO,TRAIL MIX,45,1,ROYAL TRADITON SNACK MASALA MIX 100G,
SFG0277,ROYAL TRADITON SNACK MIX CHATPATA · WIP · RoastFlav,DERIVED_INLINE,Roast & Flavour/Salt,royal traditon snack mix chatpata,N,,Y,sfg,kg,wip,FIFO,TRAIL MIX,45,1,ROYAL TRADITON SNACK MIX CHATPATA-100G,
SFG0278,Salt and Pepper Cashew Bulk,EXISTING_BOM_ARTICLE,Roast & Flavour/Salt,salt and pepper cashew,Y,fg,Y,sfg,kg,wip,FIFO,CASHEW,45,2,FNP Salt & Pepper Cashew 50gm; Salt and Pepper Cashew Bulk,
SFG0279,Salted Premium Nut Mix · WIP · RoastFlav,DERIVED_INLINE,Roast & Flavour/Salt,salted premium nut mix,N,,Y,sfg,kg,wip,FIFO,TRAIL MIX,45,1,Salted Premium Nut Mix,
SFG0280,Seed Mix · WIP · Roast,DERIVED_INLINE,Roasting,seed mix,N,,Y,sfg,kg,wip,FIFO,TRAIL MIX,45,1,Seed Mix,
SFG0281,Seed Trail Mix · WIP · Roast,DERIVED_INLINE,Roasting,seed trail mix,N,,Y,sfg,kg,wip,FIFO,TRAIL MIX,45,1,Seed Trail Mix,
SFG0282,Seedy Sheid- Lime Chilly · WIP · RoastFlav,DERIVED_INLINE,Roast & Flavour/Salt,seedy sheid- lime chilly,N,,Y,sfg,kg,wip,FIFO,TRAIL MIX,45,2,Seedy Sheid- Lime Chilly 33gm; Seedy Sheid- Lime Chilly 35gm,
SFG0283,Single Safavi Stuffed Dates · WIP · DeSeed+Stuff,DERIVED_INLINE,De-Seeding + Stuffing,single safavi stuffed dates,N,,Y,sfg,kg,wip,FIFO,DATES,3,1,Single Safavi Stuffed Dates,
SFG0284,Smoked Almonds Bulk,EXISTING_BOM_ARTICLE,Roast & Flavour/Salt,smoked almonds,Y,fg,Y,sfg,kg,wip,FIFO,ALMOND,45,4,PREMIA ALMONDS SMOKD-100G; Smoked Almonds; Smoked Almonds Bulk; Tasties Smoked Almonds - Flavourful & Crunchy 75 g,
SFG0285,Smokey BBQ Cashew Bulk,EXISTING_BOM_ARTICLE,Roast & Flavour/Salt,smokey bbq cashew,Y,fg,Y,sfg,kg,wip,FIFO,CASHEW,45,2,FNP Smokin Sweet N Smoky BBQ Cashew 50g; Smokey BBQ Cashew Bulk,
SFG0286,Smokey BBQ Coated Peanuts · WIP · RoastFlav,DERIVED_INLINE,Roast & Flavour/Salt,smokey bbq coated peanuts,N,,Y,sfg,kg,wip,FIFO,PEANUTS,45,2,Smokey BBQ Coated Peanuts 200g; Smokey BBQ Coated Peanuts 70gm,
SFG0287,Snack Amor Popcorn Makhana · WIP · RoastFlav,DERIVED_INLINE,Roast & Flavour/Salt,snack amor popcorn makhana,N,,Y,sfg,kg,wip,FIFO,MAKHANA,45,1,Snack Amor Popcorn Makhana 55 Gm,
SFG0288,Snackania California Pistachio Roasted & Salted · WIP · RoastFlav,DERIVED_INLINE,Roast & Flavour/Salt,snackania california pistachio roasted & salted,N,,Y,sfg,kg,wip,FIFO,PISTA,45,1,Snackania California Pistachio Roasted & Salted 230g,
SFG0289,Snackania Cocktail Mix · WIP · RoastFlav,DERIVED_INLINE,Roast & Flavour/Salt,snackania cocktail mix,N,,Y,sfg,kg,wip,FIFO,TRAIL MIX,45,1,Snackania Cocktail Mix 480g,
SFG0290,Snackania Irani Pistachio Roasted & Salted · WIP · RoastFlav,DERIVED_INLINE,Roast & Flavour/Salt,snackania irani pistachio roasted & salted,N,,Y,sfg,kg,wip,FIFO,PISTA,45,1,Snackania Irani Pistachio Roasted & Salted 230g,
SFG0291,Snacktive Green Chilli Cashew · WIP · RoastFlav,DERIVED_INLINE,Roast & Flavour/Salt,snacktive green chilli cashew,N,,Y,sfg,kg,wip,FIFO,CASHEW,45,1,Snacktive Green Chilli Cashew 250 gm,Green Chilli Cashew Bulk
SFG0292,Solimo Premium Macadamia Nuts · WIP · Roast,DERIVED_INLINE,Roasting,solimo premium macadamia nuts,N,,Y,sfg,kg,wip,FIFO,PREMIUM NUTS,45,1,Solimo Premium Macadamia Nuts 250g (B07MLD6WFQ),
SFG0293,Sour & Cream Cashew Bulk,EXISTING_BOM_ARTICLE,Roast & Flavour/Salt,sour & cream cashew,Y,fg,Y,sfg,kg,wip,FIFO,CASHEW,45,2,Sour & Cream Cashew Bulk; YUMASANA CASHEWS- SOUR CREAM 150g,
SFG0294,Stuffed Dates · WIP · DeSeed+Stuff,DERIVED_INLINE,De-Seeding + Stuffing,stuffed dates,N,,Y,sfg,kg,wip,FIFO,TRAIL MIX,3,1,Stuffed Dates 1kg,
SFG0295,Stuffed Medjoul Large Pc · WIP · DeSeed+Stuff,DERIVED_INLINE,De-Seeding + Stuffing,stuffed medjoul large pc,N,,Y,sfg,kg,wip,FIFO,DATES,3,1,Stuffed Medjoul Large Pc,
SFG0296,Stuffed Medjoul Large Pc with Almond · WIP · DeSeed+Stuff,DERIVED_INLINE,De-Seeding + Stuffing,stuffed medjoul large pc with almond,N,,Y,sfg,kg,wip,FIFO,DATES,3,1,Stuffed Medjoul Large Pc with Almond,
SFG0297,Stuffed Medjoul Large Pc with Dried Pomelo · WIP · DeSeed+Stuff,DERIVED_INLINE,De-Seeding + Stuffing,stuffed medjoul large pc with dried pomelo,N,,Y,sfg,kg,wip,FIFO,DATES,3,1,Stuffed Medjoul Large Pc with Dried Pomelo,
SFG0298,Stuffed Medjoul Large Pc with Hazel Nut · WIP · DeSeed+Stuff,DERIVED_INLINE,De-Seeding + Stuffing,stuffed medjoul large pc with hazel nut,N,,Y,sfg,kg,wip,FIFO,DATES,3,1,Stuffed Medjoul Large Pc with Hazel Nut,
SFG0299,Stuffed Medjoul Large Pc with Macadamia · WIP · DeSeed+Stuff,DERIVED_INLINE,De-Seeding + Stuffing,stuffed medjoul large pc with macadamia,N,,Y,sfg,kg,wip,FIFO,DATES,3,1,Stuffed Medjoul Large Pc with Macadamia,
SFG0300,Stuffed Medjoul Large Pc with Orange Peel · WIP · DeSeed+Stuff,DERIVED_INLINE,De-Seeding + Stuffing,stuffed medjoul large pc with orange peel,N,,Y,sfg,kg,wip,FIFO,DATES,3,1,Stuffed Medjoul Large Pc with Orange Peel,
SFG0301,Stuffed Medjoul Large Pc with Pecan Nut · WIP · DeSeed+Stuff,DERIVED_INLINE,De-Seeding + Stuffing,stuffed medjoul large pc with pecan nut,N,,Y,sfg,kg,wip,FIFO,DATES,3,1,Stuffed Medjoul Large Pc with Pecan Nut,
SFG0302,Stuffed Medjoul Large Pc with Pista · WIP · DeSeed+Stuff,DERIVED_INLINE,De-Seeding + Stuffing,stuffed medjoul large pc with pista,N,,Y,sfg,kg,wip,FIFO,DATES,3,1,Stuffed Medjoul Large Pc with Pista,
SFG0303,Sunflower Seed · WIP · Roast,DERIVED_INLINE,Roasting,sunflower seed,N,,Y,sfg,kg,wip,FIFO,SEEDS,45,1,Sunflower Seed 100g (B07GR6G24J) FBA,
SFG0304,Sunflower Seeds Roasted · WIP · Roast,DERIVED_INLINE,Roasting,sunflower seeds roasted,N,,Y,sfg,kg,wip,FIFO,SEEDS,45,1,Sunflower Seeds Roasted,
SFG0305,Sunflower Seeds Roasted and Salted · WIP · RoastFlav,DERIVED_INLINE,Roast & Flavour/Salt,sunflower seeds roasted and salted,N,,Y,sfg,kg,wip,FIFO,,45,1,Sunflower Seeds Roasted and Salted,
SFG0306,"Tasties Coated Peanuts - Tandoori Masala, Flavourful & Crispy · WIP · RoastFlav",DERIVED_INLINE,Roast & Flavour/Salt,"tasties coated peanuts - tandoori masala, flavourful & crispy",N,,Y,sfg,kg,wip,FIFO,PEANUTS,45,1,"Tasties Coated Peanuts - Tandoori Masala, Flavourful & Crispy 25 g",
SFG0307,"Tasties Coated Peanuts - Thai Spice, Flavourful & Crispy · WIP · RoastFlav",DERIVED_INLINE,Roast & Flavour/Salt,"tasties coated peanuts - thai spice, flavourful & crispy",N,,Y,sfg,kg,wip,FIFO,PEANUTS,45,1,"Tasties Coated Peanuts - Thai Spice, Flavourful & Crispy 25 g",
SFG0308,Trail Mix · WIP · RoastFlav,DERIVED_INLINE,Roast & Flavour/Salt,trail mix,N,,Y,sfg,kg,wip,FIFO,TRAIL MIX,45,2,Trail Mix; Trail Mix Bulk,Premia Trail Mix Bulk
SFG0309,Trail Mix - Every Health · WIP · RoastFlav,DERIVED_INLINE,Roast & Flavour/Salt,trail mix - every health,N,,Y,sfg,kg,wip,FIFO,TRAIL MIX,45,1,Trail Mix - Every Health,
SFG0310,Urban Platter Almond Blueberry Bar · WIP · BlendForm,DERIVED_INLINE,Blend & Form,urban platter almond blueberry bar,N,,Y,sfg,kg,wip,FIFO,BARS & CEREALS,7,1,Urban Platter Almond Blueberry Bar 45g,
SFG0311,Urban Platter Chocolate Vanilla Bar · WIP · BlendForm,DERIVED_INLINE,Blend & Form,urban platter chocolate vanilla bar,N,,Y,sfg,kg,wip,FIFO,BARS & CEREALS,7,1,Urban Platter Chocolate Vanilla Bar 45g,
SFG0312,Urban Platter Cranberry Orange Bar · WIP · BlendForm,DERIVED_INLINE,Blend & Form,urban platter cranberry orange bar,N,,Y,sfg,kg,wip,FIFO,BARS & CEREALS,7,1,Urban Platter Cranberry Orange Bar 45g,
SFG0313,Urban Platter Mocha Bar · WIP · BlendForm,DERIVED_INLINE,Blend & Form,urban platter mocha bar,N,,Y,sfg,kg,wip,FIFO,BARS & CEREALS,7,1,Urban Platter Mocha Bar 45g,
SFG0314,Vedaka Broken Cashew · WIP · BlanchSlice,DERIVED_INLINE,Blanch & Slice,vedaka broken cashew,N,,Y,sfg,kg,wip,FIFO,CASHEW,7,1,Vedaka Broken Cashew 1kg (B0D9NZYHDC),
SFG0315,Vedaka Cashews - Broken · WIP · BlanchSlice,DERIVED_INLINE,Blanch & Slice,vedaka cashews - broken,N,,Y,sfg,kg,wip,FIFO,CASHEW,7,1,Vedaka Cashews - Broken 500g (B0D9NYHTG1),
SFG0316,Vedaka Healthy Seed Mix · WIP · RoastFlav,DERIVED_INLINE,Roast & Flavour/Salt,vedaka healthy seed mix,N,,Y,sfg,kg,wip,FIFO,TRAIL MIX,45,1,Vedaka Healthy Seed Mix 200gm(B0B69L57PV),
SFG0317,Vedaka Popular Cashew Broken · WIP · BlanchSlice,DERIVED_INLINE,Blanch & Slice,vedaka popular cashew broken,N,,Y,sfg,kg,wip,FIFO,CASHEW,7,2,Vedaka Popular Cashew Broken 100g FBA(B07GR3S1RL); Vedaka Popular Cashew Broken 200g FBA(B07GQWS1BS),
SFG0318,Vedaka Premium Flavored Dry Fruits · WIP · RoastFlav,DERIVED_INLINE,Roast & Flavour/Salt,vedaka premium flavored dry fruits,N,,Y,sfg,kg,wip,FIFO,FESTIVE HAMPERS,45,1,Vedaka Premium Flavored Dry Fruits 500 gm Gift Box (B0CGVC7DF2),
SFG0319,Vedaka Premium Sunflower Seeds · WIP · Roast,DERIVED_INLINE,Roasting,vedaka premium sunflower seeds,N,,Y,sfg,kg,wip,FIFO,SEEDS,45,1,Vedaka Premium Sunflower Seeds 500g (B07GR2G67L),
SFG0320,Vedaka Salted Peanuts · WIP · RoastFlav,DERIVED_INLINE,Roast & Flavour/Salt,vedaka salted peanuts,N,,Y,sfg,kg,wip,FIFO,PEANUTS,45,2,Vedaka Salted Peanuts - 200g (B0CZ9GZ9F2); Vedaka Salted Peanuts 200 gm (102219262),
SFG0321,Walnut Flavoured Salt & Pepper · WIP · RoastFlav,DERIVED_INLINE,Roast & Flavour/Salt,walnut flavoured salt & pepper,N,,Y,sfg,kg,wip,FIFO,WALNUT,45,1,Walnut Flavoured Salt & Pepper (Quarters) Loose,
SFG0322,Watermelon Seeds Roasted · WIP · Roast,DERIVED_INLINE,Roasting,watermelon seeds roasted,N,,Y,sfg,kg,wip,FIFO,,45,1,Watermelon Seeds Roasted,
SFG0323,White Almond Draggies · WIP · Roast+Enrobe,DERIVED_INLINE,Roasting + Enrobe / Choco-Coat,white almond draggies,N,,Y,sfg,kg,wip,FIFO,ALMOND,15,1,White Almond Draggies,
SFG0324,Wholesome millet laddu bar · WIP · BlendForm,DERIVED_INLINE,Blend & Form,wholesome millet laddu bar,N,,Y,sfg,kg,wip,FIFO,BARS & CEREALS,7,1,Wholesome millet laddu bar 35gm,
SFG0325,YUMASANA COATED PEANUTS - BARB EQUE · WIP · RoastFlav,DERIVED_INLINE,Roast & Flavour/Salt,yumasana coated peanuts - barb eque,N,,Y,sfg,kg,wip,FIFO,PEANUTS,45,1,YUMASANA COATED PEANUTS - BARB EQUE 150g,
SFG0326,YUMASANA COATED PEANUTS - CHILLI GARLIC · WIP · RoastFlav,DERIVED_INLINE,Roast & Flavour/Salt,yumasana coated peanuts - chilli garlic,N,,Y,sfg,kg,wip,FIFO,PEANUTS,45,1,YUMASANA COATED PEANUTS - CHILLI GARLIC 150g,
SFG0327,YUMASANA COATED PEANUTS - PERI PERI · WIP · RoastFlav,DERIVED_INLINE,Roast & Flavour/Salt,yumasana coated peanuts - peri peri,N,,Y,sfg,kg,wip,FIFO,PEANUTS,45,1,YUMASANA COATED PEANUTS - PERI PERI 150g,
SFG0328,YUMASANA COATED PEANUTS - THAI CHILLI · WIP · RoastFlav,DERIVED_INLINE,Roast & Flavour/Salt,yumasana coated peanuts - thai chilli,N,,Y,sfg,kg,wip,FIFO,PEANUTS,45,1,YUMASANA COATED PEANUTS - THAI CHILLI 150g,
SFG0329,Zorro Maple Glazed Pecans · WIP · RoastFlav,DERIVED_INLINE,Roast & Flavour/Salt,zorro maple glazed pecans,N,,Y,sfg,kg,wip,FIFO,PREMIUM NUTS,45,1,Zorro Maple Glazed Pecans 100g,
SFG0330,Zorro Pecan Grain Free Granola · WIP · RoastFlav,DERIVED_INLINE,Roast & Flavour/Salt,zorro pecan grain free granola,N,,Y,sfg,kg,wip,FIFO,PREMIUM NUTS,45,1,Zorro Pecan Grain Free Granola 100g,
SFG0331,Zorro Roasted & Lightly Salted Pecans · WIP · RoastFlav,DERIVED_INLINE,Roast & Flavour/Salt,zorro roasted & lightly salted pecans,N,,Y,sfg,kg,wip,FIFO,PREMIUM NUTS,45,1,Zorro Roasted & Lightly Salted Pecans 100g,
SFG0332,Zorro Sweet & Spicy Pe · WIP · RoastFlav,DERIVED_INLINE,Roast & Flavour/Salt,zorro sweet & spicy pe,N,,Y,sfg,kg,wip,FIFO,PREMIUM NUTS,45,1,Zorro Sweet & Spicy Pecan 100g,
SFG0333,Chilean Walnut Kernel Quarter,EXISTING_BOM_ARTICLE,(routing on bulk article),chilean walnut kernel quarter,Y,rm,Y,sfg,kg,wip,FIFO,,,3,Chilean Walnut Kernel Quarter; Solimo Premium Walnut Kernels - Broken 500g B07LF8HCLL; Solimo Walnut Kernels – Broken 500g (Pack of 2) B07LFJZR4G,
SFG0334,Coated Peanuts Pudina Patakha Bulk,EXISTING_BOM_ARTICLE,(routing on bulk article),coated peanuts pudina patakha,N,,Y,sfg,kg,wip,FIFO,,,6,"Krack Nut Coated Peanuts Pudina Patakha 100g; Krack Nut Coated Peanuts Pudina Patakha 25gm; Kracknut Coated Peanuts-Pudhina Patakha 110g; Kracknut Coated Peanuts-Pudhina Patakha 1kg; Tasties Coated Peanuts - Pudina Patakha, Flavourful & Crispy 25 g",
SFG0335,Coated Peanuts Tandoori Toofan Bulk,EXISTING_BOM_ARTICLE,(routing on bulk article),coated peanuts tandoori toofan,Y,fg,Y,sfg,kg,wip,FIFO,,,4,Krack Nut Coated Peanuts Tandoori Toofan 1 Kg; Kracknut Coated Peanuts - Tandoori Toofan 110g; Kracknut Coated Peanuts - Tandoori Toofan 160gm; Kracknut Coated Peanuts - Tandoori Toofan 25g,
SFG0336,Coated Peanuts Thai Flavour Bulk,EXISTING_BOM_ARTICLE,(routing on bulk article),coated peanuts thai flavour,Y,fg,Y,sfg,kg,wip,FIFO,,,4,Krack Nut Coated Peanuts Thai Firangi 1 Kg; Krack Nut Coated Peanuts Thai Firangi 100g; Kracknut Coated Peanuts - Thai Firangi 25g; Kracknut Coated Peanuts-Thai Firangi 110g,
SFG0337,Premia Breakfast Mix Bulk,EXISTING_BOM_ARTICLE,(routing on bulk article),premia breakfast mix,Y,fg,Y,sfg,kg,wip,FIFO,,,1,Premia Breakfast Mix 100g (100005226),
SFG0338,Premia Nuts & Seeds Mix Bulk,EXISTING_BOM_ARTICLE,(routing on bulk article),premia nuts & seeds mix,Y,fg,Y,sfg,kg,wip,FIFO,,,1,Premia Nuts & Seeds Mix 100g (100005422),
SFG0339,Premia Trail Mix Bulk,EXISTING_BOM_ARTICLE,(routing on bulk article),premia trail mix,Y,fg,Y,sfg,kg,wip,FIFO,,,1,Premia Trail Mix 100g (100005227),
SFG0340,Roasted Cashew Bulk,EXISTING_BOM_ARTICLE,(routing on bulk article),roasted cashew,Y,fg,Y,sfg,kg,wip,FIFO,,,1,Snack Amor Roasted Cashew 170 Gm,
SFG0341,Chilli Almonds Bulk,EXISTING_BOM_ARTICLE,(routing on bulk article),chilli almonds,Y,fg,Y,sfg,kg,wip,FIFO,,,1,Tasties Chilli Almonds - Flavourful & Crunchy 75 g,
SFG0342,Chilli Garlic Cashew Bulk,EXISTING_BOM_ARTICLE,(routing on bulk article),chilli garlic cashew,Y,fg,Y,sfg,kg,wip,FIFO,,,1,Tasties Chilli Garlic Cashew - Flavourful & Crunchy 75 g,
SFG0343,Roasted Independence Almonds Bulk,EXISTING_BOM_ARTICLE,(routing on bulk article),roasted independence almonds,Y,fg,Y,sfg,kg,wip,FIFO,,,3,Vedaka Almonds 100g (B07GQZ7ZTZ) FBA; Vedaka Almonds 1kg (B07GQNM6N2); Vedaka Almonds 500g (B07GQNQNJG),
