fg_sample,base_recipe,create_wip_operation,sfg_origin,sfg_code,sfg_article,num_fgs
5 Grain Cereal 35gm,5 Grain Cereal,Blend & Form,DERIVED_INLINE,SFG0001,5 Grain Cereal · WIP · BlendForm,1
5 Grain Cereal 50 GM,5 Grain Cereal,Roasting,DERIVED_INLINE,SFG0002,5 Grain Cereal · WIP · Roast,1
Al Barakah Dates Oman Seedless 1kg,Al Barakah Dates Oman Seedless,De-Seeding,DERIVED_INLINE,SFG0003,Al Barakah Dates Oman Seedless · WIP · DeSeed,1
Al Barakah Dates Safavi Seedless 400g,Al Barakah Dates Safavi Seedless,De-Seeding,DERIVED_INLINE,SFG0004,Al Barakah Dates Safavi Seedless · WIP · DeSeed,1
AL BARAKAH KHALAS DATES SEEDLESS 350GM,AL BARAKAH KHALAS DATES SEEDLESS,De-Seeding,DERIVED_INLINE,SFG0005,AL BARAKAH KHALAS DATES SEEDLESS · WIP · DeSeed,1
AL BARAKAH PREMIUM SEEDLESS DATES 500G,AL BARAKAH PREMIUM SEEDLESS DATES,De-Seeding,DERIVED_INLINE,SFG0006,AL BARAKAH PREMIUM SEEDLESS DATES · WIP · DeSeed,1
Almond Apricot and Seeds Date Balls 48 gms,Almond Apricot and Seeds Date Balls,Blend & Form,DERIVED_INLINE,SFG0007,Almond Apricot and Seeds Date Balls · WIP · BlendForm,1
"Almond Blanched, whole","Almond Blanched, whole",Blanching,EXISTING_BOM_ARTICLE,SFG0008,"Almond Blanched, whole",1
Almond Cranberry Black currant and seeds Date Balls 48 gms,Almond Cranberry Black currant and seeds Date Balls,Blend & Form,DERIVED_INLINE,SFG0009,Almond Cranberry Black currant and seeds Date Balls · WIP · BlendForm,1
Almond Masala,Almond Masala,Roast & Flavour/Salt,DERIVED_INLINE,SFG0010,Almond Masala · WIP · RoastFlav,1
Almond Peri Peri,Almond Peri Peri,Roast & Flavour/Salt,DERIVED_INLINE,SFG0011,Almond Peri Peri · WIP · RoastFlav,1
Almond Sliced,Almond Sliced,Blanch & Slice,EXISTING_BOM_ARTICLE,SFG0012,Almond Sliced,1
Almonds Kernel Cube Cut,Almonds Kernel Cube Cut,Blanch & Slice,DERIVED_INLINE,SFG0013,Almonds Kernel Cube Cut · WIP · BlanchSlice,1
Amazon Brand - Vedaka Raw Sunflower Seeds 1 Kg B0D9P1N25J,Amazon Brand - Vedaka Raw Sunflower Seeds,Roasting,DERIVED_INLINE,SFG0014,Amazon Brand - Vedaka Raw Sunflower Seeds · WIP · Roast,1
Amazon Brand Nuts Berries and Seed Mix 200g (B0B69J57QV),Amazon Brand Nuts Berries and Seed Mix,Roasting,DERIVED_INLINE,SFG0015,Amazon Brand Nuts Berries and Seed Mix · WIP · Roast,1
Amazon Brand Vedaka Dryfruits and Berries Mix 200g (B0B69KXW9J),Amazon Brand Vedaka Dryfruits and Berries Mix,Roasting,DERIVED_INLINE,SFG0016,Amazon Brand Vedaka Dryfruits and Berries Mix · WIP · Roast,1
Amazon Brand Vedaka Dryfruits and Nut Mix 200g (B0B69KB4GB),Amazon Brand Vedaka Dryfruits and Nut Mix,Roasting,DERIVED_INLINE,SFG0017,Amazon Brand Vedaka Dryfruits and Nut Mix · WIP · Roast,1
Antioxidant Mix 33gm / Antioxidant Mix 35gm,Antioxidant Mix,Roasting,DERIVED_INLINE,SFG0018,Antioxidant Mix · WIP · Roast,2
Barbeque Cashew / Barbeque Cashew Bulk,Barbeque Cashew,Roast & Flavour/Salt,EXISTING_BOM_ARTICLE,SFG0019,Barbeque Cashew Bulk,2
Barbeque Macadamia,Barbeque Macadamia,Roast & Flavour/Salt,DERIVED_INLINE,SFG0020,Barbeque Macadamia · WIP · RoastFlav,1
Barbeque Makhana,Barbeque Makhana,Roast & Flavour/Salt,DERIVED_INLINE,SFG0021,Barbeque Makhana · WIP · RoastFlav,1
"BB Royal Dates - Red, Seedless 250 g","BB Royal Dates - Red, Seedless",De-Seeding,DERIVED_INLINE,SFG0022,"BB Royal Dates - Red, Seedless · WIP · DeSeed",1
Black Pepper Almonds,Black Pepper Almonds,Roast & Flavour/Salt,DERIVED_INLINE,SFG0023,Black Pepper Almonds · WIP · RoastFlav,1
BLACK PEPPER CASHEW / Black Pepper Cashew Bulk,BLACK PEPPER CASHEW,Roast & Flavour/Salt,EXISTING_BOM_ARTICLE,SFG0024,Black Pepper Cashew Bulk,2
Black Pepper Macadamia Trail Mix,Black Pepper Macadamia Trail Mix,Roast & Flavour/Salt,DERIVED_INLINE,SFG0025,Black Pepper Macadamia Trail Mix · WIP · RoastFlav,1
Black Pepper Nutty Seed Mix 250gm,Black Pepper Nutty Seed Mix,Roast & Flavour/Salt,DERIVED_INLINE,SFG0026,Black Pepper Nutty Seed Mix · WIP · RoastFlav,1
Black Pepper Pecannut,Black Pepper Pecannut,Roast & Flavour/Salt,DERIVED_INLINE,SFG0027,Black Pepper Pecannut · WIP · RoastFlav,1
Blackcurrant Date Balls 48 gms,Blackcurrant Date Balls,Blend & Form,DERIVED_INLINE,SFG0028,Blackcurrant Date Balls · WIP · BlendForm,1
Breakfast Mix Bulk,Breakfast Mix Bulk,Roast & Flavour/Salt,DERIVED_INLINE,SFG0029,Breakfast Mix Bulk · WIP · RoastFlav,1
Cafe Galleries Healthy Mewa Mix 250g,Cafe Galleries Healthy Mewa Mix,Roasting,DERIVED_INLINE,SFG0030,Cafe Galleries Healthy Mewa Mix · WIP · Roast,1
Cafe Galleries Macadamia Nut Salted 250g,Cafe Galleries Macadamia Nut Salted,Roasting,DERIVED_INLINE,SFG0031,Cafe Galleries Macadamia Nut Salted · WIP · Roast,1
Cafe Galleries Premium Cocktail Mix 250g,Cafe Galleries Premium Cocktail Mix,Roasting,DERIVED_INLINE,SFG0032,Cafe Galleries Premium Cocktail Mix · WIP · Roast,1
Cafe Galleries Pumpkin Seeds 250g,Cafe Galleries Pumpkin Seeds,Roasting,DERIVED_INLINE,SFG0033,Cafe Galleries Pumpkin Seeds · WIP · Roast,1
Cafe Galleries Salted Pumpkin Seeds 250g,Cafe Galleries Salted Pumpkin Seeds,Roast & Flavour/Salt,DERIVED_INLINE,SFG0034,Cafe Galleries Salted Pumpkin Seeds · WIP · RoastFlav,1
"Cafe Galleries Seeds Mix, 250g",Cafe Galleries Seeds Mix,Roasting,DERIVED_INLINE,SFG0035,Cafe Galleries Seeds Mix · WIP · Roast,1
Cafe Galleries Sunflower Seeds - 250gm,Cafe Galleries Sunflower Seeds - ,Roasting,DERIVED_INLINE,SFG0036,Cafe Galleries Sunflower Seeds -  · WIP · Roast,1
California Pista Inshell Black Pepper,California Pista Inshell Black Pepper,Roast & Flavour/Salt,DERIVED_INLINE,SFG0037,California Pista Inshell Black Pepper · WIP · RoastFlav,1
California Pista Inshell Pink Salted,California Pista Inshell Pink Salted,Roast & Flavour/Salt,DERIVED_INLINE,SFG0038,California Pista Inshell Pink Salted · WIP · RoastFlav,1
California Pista Inshell Roasted and Salted,California Pista Inshell Roasted and Salted,Roast & Flavour/Salt,DERIVED_INLINE,SFG0039,California Pista Inshell Roasted and Salted · WIP · RoastFlav,1
Caramel Pecannut,Caramel Pecannut,Roast & Flavour/Salt,DERIVED_INLINE,SFG0040,Caramel Pecannut · WIP · RoastFlav,1
Carnial Almond Dragees 100gm,Carnial Almond Dragees,Roasting + Enrobe / Choco-Coat,DERIVED_INLINE,SFG0041,Carnial Almond Dragees · WIP · Roast+Enrobe,1
Carnival Almond Choco Bite (Dark Chocolate) 100g / Carnival Almond Choco Bite (Milk Chocolate) 100g / Carnival Almond Choco Bite (White Chocolate) 100g,Carnival Almond Choco Bite,Roasting + Enrobe / Choco-Coat,DERIVED_INLINE,SFG0042,Carnival Almond Choco Bite · WIP · Roast+Enrobe,3
Carnival Almond Smoked Paprika 200g,Carnival Almond Smoked Paprika,Roast & Flavour/Salt,DERIVED_INLINE,SFG0043,Carnival Almond Smoked Paprika · WIP · RoastFlav,1
Carnival Barbeque Makhana 125 Gm / Carnival Barbeque Makhana 55g,Carnival Barbeque Makhana,Roast & Flavour/Salt,DERIVED_INLINE,SFG0044,Carnival Barbeque Makhana · WIP · RoastFlav,2
Carnival Berry Barbeque Trail Mix 200g,Carnival Berry Barbeque Trail Mix,Roast & Flavour/Salt,DERIVED_INLINE,SFG0045,Carnival Berry Barbeque Trail Mix · WIP · RoastFlav,1
Carnival Black Pepper Makhana 125 Gm / Carnival Black Pepper Makhana 55g,Carnival Black Pepper Makhana,Roast & Flavour/Salt,DERIVED_INLINE,SFG0046,Carnival Black Pepper Makhana · WIP · RoastFlav,2
Carnival California Pista Roasted and Salted 800g,Carnival California Pista Roasted and Salted,Roast & Flavour/Salt,DERIVED_INLINE,SFG0047,Carnival California Pista Roasted and Salted · WIP · RoastFlav,1
Carnival Caramel Sesame Walnut 150g / Carnival Caramel Sesame Walnut 70g,Carnival Caramel Sesame Walnut,Roast & Flavour/Salt,DERIVED_INLINE,SFG0048,Carnival Caramel Sesame Walnut · WIP · RoastFlav,2
Carnival Chatpata Black Raisins 100g,Carnival Chatpata Black Raisins,Roast & Flavour/Salt,DERIVED_INLINE,SFG0049,Carnival Chatpata Black Raisins · WIP · RoastFlav,1
Carnival Cheese Cashew 100g / Carnival Cheese Cashew 230g,Carnival Cheese Cashew,Roast & Flavour/Salt,DERIVED_INLINE,SFG0050,Carnival Cheese Cashew · WIP · RoastFlav,2
Carnival Cheese Makhana 125g / Carnival Cheese Makhana 55g,Carnival Cheese Makhana,Roast & Flavour/Salt,DERIVED_INLINE,SFG0051,Carnival Cheese Makhana · WIP · RoastFlav,2
Carnival Choco Orange Walnut 150gm,Carnival Choco Orange Walnut,Roast & Flavour/Salt,DERIVED_INLINE,SFG0052,Carnival Choco Orange Walnut · WIP · RoastFlav,1
Carnival Classic Date Bites 357gm,Carnival Classic Date Bites,Blend & Form,DERIVED_INLINE,SFG0053,Carnival Classic Date Bites · WIP · BlendForm,1
Carnival Classic Pumpkin Seeds 100g,Carnival Classic Pumpkin Seeds,Roasting,DERIVED_INLINE,SFG0054,Carnival Classic Pumpkin Seeds · WIP · Roast,1
Carnival Classic Sunflower Seeds 100G,Carnival Classic Sunflower Seeds,Roasting,DERIVED_INLINE,SFG0055,Carnival Classic Sunflower Seeds · WIP · Roast,1
Carnival Cocktail Mix 100g / Carnival Cocktail Mix 200g / Carnival Cocktail Mix 250g,Carnival Cocktail Mix,Roast & Flavour/Salt,DERIVED_INLINE,SFG0056,Carnival Cocktail Mix · WIP · RoastFlav,3
Carnival Cocktail Mix Plain Pouch 100g,Carnival Cocktail Mix Plain,Roast & Flavour/Salt,DERIVED_INLINE,SFG0057,Carnival Cocktail Mix Plain · WIP · RoastFlav,1
Carnival Crunchy Caramel Trail Mix 100g / Carnival Crunchy Caramel Trail Mix 200g / Carnival Crunchy Caramel Trail Mix 250g,Carnival Crunchy Caramel Trail Mix,Roast & Flavour/Salt,DERIVED_INLINE,SFG0058,Carnival Crunchy Caramel Trail Mix · WIP · RoastFlav,3
Carnival Festive Black Raisin Seedless 150gm,Carnival Festive Black Raisin Seedless,De-Seeding,DERIVED_INLINE,SFG0059,Carnival Festive Black Raisin Seedless · WIP · DeSeed,1
Carnival Festive California Pista (21-26) 100gm / Carnival Festive California Pista (21-26) 80gm,Carnival Festive California Pista,Roast & Flavour/Salt,DERIVED_INLINE,SFG0060,Carnival Festive California Pista · WIP · RoastFlav,2
Carnival Festive Chatpata Cranberry 80gm,Carnival Festive Chatpata Cranberry,Roast & Flavour/Salt,DERIVED_INLINE,SFG0061,Carnival Festive Chatpata Cranberry · WIP · RoastFlav,1
Carnival Festive Crunchy Caramel Trail Mix 250g,Carnival Festive Crunchy Caramel Trail Mix,Roast & Flavour/Salt,DERIVED_INLINE,SFG0062,Carnival Festive Crunchy Caramel Trail Mix · WIP · RoastFlav,1
Carnival Festive Nuts & Seeds Mix 120g,Carnival Festive Nuts & Seeds Mix,Roasting,DERIVED_INLINE,SFG0063,Carnival Festive Nuts & Seeds Mix · WIP · Roast,1
Carnival Festive Paan Cranberry 125gm,Carnival Festive Paan Cranberry,Roast & Flavour/Salt,DERIVED_INLINE,SFG0064,Carnival Festive Paan Cranberry · WIP · RoastFlav,1
Carnival Festive Paan Raisin 125gm,Carnival Festive Paan Raisin,Roast & Flavour/Salt,DERIVED_INLINE,SFG0065,Carnival Festive Paan Raisin · WIP · RoastFlav,1
Carnival Festive Salted Almonds (27-28 count) 100gm / Carnival Festive Salted Almonds (27-28 count) 150gm / Carnival Festive Salted Almonds (27-28 Count) 230gm,Carnival Festive Salted Almonds,Roast & Flavour/Salt,DERIVED_INLINE,SFG0066,Carnival Festive Salted Almonds · WIP · RoastFlav,3
Carnival Festive Salted Cashew (320) 230gm,Carnival Festive Salted Cashew,Roast & Flavour/Salt,DERIVED_INLINE,SFG0067,Carnival Festive Salted Cashew · WIP · RoastFlav,1
Carnival Festive Seedless Black Raisin 200gm,Carnival Festive Seedless Black Raisin,De-Seeding,DERIVED_INLINE,SFG0068,Carnival Festive Seedless Black Raisin · WIP · DeSeed,1
Carnival FestiveSalted Cashew (320) 100gm,Carnival FestiveSalted Cashew,Roast & Flavour/Salt,DERIVED_INLINE,SFG0069,Carnival FestiveSalted Cashew · WIP · RoastFlav,1
Carnival Flax Seeds 100G,Carnival Flax Seeds,Roasting,DERIVED_INLINE,SFG0070,Carnival Flax Seeds · WIP · Roast,1
Carnival Ganpati Date Mewa Box 242g,Carnival Ganpati Date Mewa,Blend & Form,DERIVED_INLINE,SFG0071,Carnival Ganpati Date Mewa · WIP · BlendForm,1
Carnival Himalayan Salt & Pepper Pistachios 25g,Carnival Himalayan Salt & Pepper Pistachios,Roast & Flavour/Salt,DERIVED_INLINE,SFG0072,Carnival Himalayan Salt & Pepper Pistachios · WIP · RoastFlav,1
Carnival Honey Roasted Almonds 100G,Carnival Honey Roasted Almonds,Roast & Flavour/Salt,DERIVED_INLINE,SFG0073,Carnival Honey Roasted Almonds · WIP · RoastFlav,1
Carnival Mocha Mojo Trail Mix 100g / Carnival Mocha Mojo Trail Mix 200g / Carnival Mocha Mojo Trail Mix 250g,Carnival Mocha Mojo Trail Mix,Roast & Flavour/Salt,DERIVED_INLINE,SFG0074,Carnival Mocha Mojo Trail Mix · WIP · RoastFlav,3
Carnival Nuts & Seed Mix 100gm,Carnival Nuts & Seed Mix,Roasting,DERIVED_INLINE,SFG0075,Carnival Nuts & Seed Mix · WIP · Roast,1
Carnival Pan Raisin 125g,Carnival Pan Raisin,Roast & Flavour/Salt,DERIVED_INLINE,SFG0076,Carnival Pan Raisin · WIP · RoastFlav,1
Carnival Pepper Cashew 100G / Carnival Pepper Cashew 125gm / Carnival Pepper Cashew 200G,Carnival Pepper Cashew,Roast & Flavour/Salt,DERIVED_INLINE,SFG0077,Carnival Pepper Cashew · WIP · RoastFlav,3
Carnival Pepper Pistachios 200G,Carnival Pepper Pistachios,Roast & Flavour/Salt,DERIVED_INLINE,SFG0078,Carnival Pepper Pistachios · WIP · RoastFlav,1
Carnival Peri Peri Makhana 125g / Carnival Peri Peri Makhana 55g,Carnival Peri Peri Makhana,Roast & Flavour/Salt,DERIVED_INLINE,SFG0079,Carnival Peri Peri Makhana · WIP · RoastFlav,2
Carnival Peri Peri Walnut 150g,Carnival Peri Peri Walnut,Roast & Flavour/Salt,DERIVED_INLINE,SFG0080,Carnival Peri Peri Walnut · WIP · RoastFlav,1
Carnival Popcorn Makhana 125g / Carnival Popcorn Makhana 55gm,Carnival Popcorn Makhana,Roast & Flavour/Salt,DERIVED_INLINE,SFG0081,Carnival Popcorn Makhana · WIP · RoastFlav,2
Carnival Premium Cocktail Mix 100g / Carnival Premium Cocktail Mix 250 Gms,Carnival Premium Cocktail Mix,Roast & Flavour/Salt,DERIVED_INLINE,SFG0082,Carnival Premium Cocktail Mix · WIP · RoastFlav,2
Carnival Pudina Almonds 125g,Carnival Pudina Almonds,Roast & Flavour/Salt,DERIVED_INLINE,SFG0083,Carnival Pudina Almonds · WIP · RoastFlav,1
Carnival Pudina Makhana 125 Gm,Carnival Pudina Makhana,Roast & Flavour/Salt,DERIVED_INLINE,SFG0084,Carnival Pudina Makhana · WIP · RoastFlav,1
Carnival Roasted & Salted Almonds 100g / Carnival Roasted & Salted Almonds 230g / Carnival Roasted & Salted Almonds 250g,Carnival Roasted & Salted Almonds,Roast & Flavour/Salt,DERIVED_INLINE,SFG0085,Carnival Roasted & Salted Almonds · WIP · RoastFlav,3
Carnival Roasted & Salted Cashew 100g / Carnival Roasted & Salted Cashew 230g,Carnival Roasted & Salted Cashew,Roast & Flavour/Salt,DERIVED_INLINE,SFG0086,Carnival Roasted & Salted Cashew · WIP · RoastFlav,2
Carnival Roasted & Salted Pistachio 200g,Carnival Roasted & Salted Pistachio,Roast & Flavour/Salt,DERIVED_INLINE,SFG0087,Carnival Roasted & Salted Pistachio · WIP · RoastFlav,1
Carnival Salt & Pepper Walnut 150g,Carnival Salt & Pepper Walnut,Roast & Flavour/Salt,DERIVED_INLINE,SFG0088,Carnival Salt & Pepper Walnut · WIP · RoastFlav,1
Carnival Salted Caramel Pecannuts 80g,Carnival Salted Caramel Pecannuts,Roast & Flavour/Salt,DERIVED_INLINE,SFG0089,Carnival Salted Caramel Pecannuts · WIP · RoastFlav,1
Carnival Simply Thandai 100g,Carnival Simply Thandai,Roast & Flavour/Salt,DERIVED_INLINE,SFG0090,Carnival Simply Thandai · WIP · RoastFlav,1
Carnival Simply Thandai Mix 200gm,Carnival Simply Thandai Mix,Roast & Flavour/Salt,DERIVED_INLINE,SFG0091,Carnival Simply Thandai Mix · WIP · RoastFlav,1
Carnival Smoked Almonds 100gm,Carnival Smoked Almonds,Roast & Flavour/Salt,DERIVED_INLINE,SFG0092,Carnival Smoked Almonds · WIP · RoastFlav,1
Cashew Jumbo with Skin Roasted and Salted,Cashew Jumbo with Skin Roasted and Salted,Roast & Flavour/Salt,DERIVED_INLINE,SFG0093,Cashew Jumbo with Skin Roasted and Salted · WIP · RoastFlav,1
Cashew Masala,Cashew Masala,Roast & Flavour/Salt,DERIVED_INLINE,SFG0094,Cashew Masala · WIP · RoastFlav,1
Cashew Pink salt,Cashew Pink salt,Roast & Flavour/Salt,DERIVED_INLINE,SFG0095,Cashew Pink salt · WIP · RoastFlav,1
CCD Energy Bar with Jaggery,CCD Energy Bar with Jaggery,Blend & Form,DERIVED_INLINE,SFG0096,CCD Energy Bar with Jaggery · WIP · BlendForm,1
Chatpata Black Raisin,Chatpata Black Raisin,Roast & Flavour/Salt,DERIVED_INLINE,SFG0097,Chatpata Black Raisin · WIP · RoastFlav,1
Chatpata Seasoning,Chatpata Seasoning,Roast & Flavour/Salt,DERIVED_INLINE,SFG0098,Chatpata Seasoning · WIP · RoastFlav,1
CHATPATA SNACK MIX,CHATPATA SNACK MIX,Roast & Flavour/Salt,DERIVED_INLINE,SFG0099,CHATPATA SNACK MIX · WIP · RoastFlav,1
Cheese Cashew,Cheese Cashew,Roast & Flavour/Salt,DERIVED_INLINE,SFG0100,Cheese Cashew · WIP · RoastFlav,1
Cheese Makhana,Cheese Makhana,Roast & Flavour/Salt,DERIVED_INLINE,SFG0101,Cheese Makhana · WIP · RoastFlav,1
Chilean Walnut Kernel Quarter BBQ,Chilean Walnut Kernel Quarter BBQ,Roast & Flavour/Salt,DERIVED_INLINE,SFG0102,Chilean Walnut Kernel Quarter BBQ · WIP · RoastFlav,1
Chilean Walnut Kernel Quarter caramel,Chilean Walnut Kernel Quarter caramel,Roast & Flavour/Salt,DERIVED_INLINE,SFG0103,Chilean Walnut Kernel Quarter caramel · WIP · RoastFlav,1
Chilean Walnut Kernel Quarter lemon pepper,Chilean Walnut Kernel Quarter lemon pepper,Roast & Flavour/Salt,DERIVED_INLINE,SFG0104,Chilean Walnut Kernel Quarter lemon pepper · WIP · RoastFlav,1
Chilean Walnut Kernel Quarter pepper,Chilean Walnut Kernel Quarter pepper,Roast & Flavour/Salt,DERIVED_INLINE,SFG0105,Chilean Walnut Kernel Quarter pepper · WIP · RoastFlav,1
Chilean Walnut Kernel Quarter peri peri,Chilean Walnut Kernel Quarter peri peri,Roast & Flavour/Salt,DERIVED_INLINE,SFG0106,Chilean Walnut Kernel Quarter peri peri · WIP · RoastFlav,1
Chilli Garlic Masala Seasoning,Chilli Garlic Masala Seasoning,Roast & Flavour/Salt,DERIVED_INLINE,SFG0107,Chilli Garlic Masala Seasoning · WIP · RoastFlav,1
Chipotle Honey Coated Peanuts 200g / Chipotle Honey Coated Peanuts 70gm,Chipotle Honey Coated Peanuts,Roast & Flavour/Salt,DERIVED_INLINE,SFG0108,Chipotle Honey Coated Peanuts · WIP · RoastFlav,2
Choco Crunch Energy Bar 38gm,Choco Crunch Energy Bar,Blend & Form,DERIVED_INLINE,SFG0109,Choco Crunch Energy Bar · WIP · BlendForm,1
Chocolate Coated Almond Dragees 50gm,Chocolate Coated Almond Dragees,Roasting + Enrobe / Choco-Coat,DERIVED_INLINE,SFG0110,Chocolate Coated Almond Dragees · WIP · Roast+Enrobe,1
Chocolate Coated Blueberries Dragees 50gm,Chocolate Coated Blueberries Dragees,Roasting + Enrobe / Choco-Coat,DERIVED_INLINE,SFG0111,Chocolate Coated Blueberries Dragees · WIP · Roast+Enrobe,1
Classic Flavour Date Mewa 18gm,Classic Flavour Date Mewa,Blend & Form,DERIVED_INLINE,SFG0112,Classic Flavour Date Mewa · WIP · BlendForm,1
Coated Peanuts,Coated Peanuts,Roast & Flavour/Salt,DERIVED_INLINE,SFG0113,Coated Peanuts · WIP · RoastFlav,1
Coated Peanuts - Magic Masala 1Kg,Coated Peanuts - Magic Masala,Roast & Flavour/Salt,DERIVED_INLINE,SFG0114,Coated Peanuts - Magic Masala · WIP · RoastFlav,1
Cocktail Mix / Cocktail Mix 230g,Cocktail Mix,Roast & Flavour/Salt,DERIVED_INLINE,SFG0115,Cocktail Mix · WIP · RoastFlav,2
Cocoa Peanut Date Balls 48 gms,Cocoa Peanut Date Balls,Blend & Form,DERIVED_INLINE,SFG0116,Cocoa Peanut Date Balls · WIP · BlendForm,1
Coconut Laddubar Mini 9g,Coconut Laddubar Mini,Blend & Form,DERIVED_INLINE,SFG0117,Coconut Laddubar Mini · WIP · BlendForm,1
Coffee Laddoo 18gm,Coffee Laddoo,Blend & Form,DERIVED_INLINE,SFG0118,Coffee Laddoo · WIP · BlendForm,1
Coffee Laddoo Semi Finished,Coffee Laddoo Semi Finished,Blend & Form,DERIVED_INLINE,SFG0119,Coffee Laddoo Semi Finished · WIP · BlendForm,1
Cranberry Date Balls 48 gms,Cranberry Date Balls,Blend & Form,DERIVED_INLINE,SFG0120,Cranberry Date Balls · WIP · BlendForm,1
Crunchy Caramel Trail Mix / Crunchy Caramel Trail Mix 230g,Crunchy Caramel Trail Mix,Roast & Flavour/Salt,DERIVED_INLINE,SFG0121,Crunchy Caramel Trail Mix · WIP · RoastFlav,2
CURATE DATE BITES IND 210G,CURATE DATE BITES IND,Blend & Form,DERIVED_INLINE,SFG0122,CURATE DATE BITES IND · WIP · BlendForm,1
CURATE DATE BITES ROSE IND 210G / CURATE DATE BITES ROSE IND 360G,CURATE DATE BITES ROSE IND,Blend & Form,DERIVED_INLINE,SFG0123,CURATE DATE BITES ROSE IND · WIP · BlendForm,2
Curate Pista Pishori 200g,Curate Pista Pishori,Roast & Flavour/Salt,DERIVED_INLINE,SFG0124,Curate Pista Pishori · WIP · RoastFlav,1
Curate Roasted Hazelnuts 200g / Curate Roasted Hazelnuts 550g Jr,Curate Roasted Hazelnuts,Roasting,DERIVED_INLINE,SFG0125,Curate Roasted Hazelnuts · WIP · Roast,2
Daily Mewa Healthy Mix,Daily Mewa Healthy Mix,Roast & Flavour/Salt,DERIVED_INLINE,SFG0126,Daily Mewa Healthy Mix · WIP · RoastFlav,1
Dark Almond Draggies,Dark Almond Draggies,Roasting + Enrobe / Choco-Coat,DERIVED_INLINE,SFG0127,Dark Almond Draggies · WIP · Roast+Enrobe,1
Dark Chocolate Coated Almond Stuffed Khalas Single,Dark Chocolate Coated Almond Stuffed Khalas Single,De-Seeding + Stuffing + Enrobe / Choco-Coat,DERIVED_INLINE,SFG0128,Dark Chocolate Coated Almond Stuffed Khalas Single · WIP · DeSeed+Stuff+Enrobe,1
Dark Chocolate Coated Cashew Stuffed Khalas Single,Dark Chocolate Coated Cashew Stuffed Khalas Single,De-Seeding + Stuffing + Enrobe / Choco-Coat,DERIVED_INLINE,SFG0129,Dark Chocolate Coated Cashew Stuffed Khalas Single · WIP · DeSeed+Stuff+Enrobe,1
Dark Chocolate Coated Macadamia 110g,Dark Chocolate Coated Macadamia,Roasting + Enrobe / Choco-Coat,DERIVED_INLINE,SFG0130,Dark Chocolate Coated Macadamia · WIP · Roast+Enrobe,1
Date Balls Coated Coconut (22G X 3),Date Balls Coated Coconut,Blend & Form,DERIVED_INLINE,SFG0131,Date Balls Coated Coconut · WIP · BlendForm,1
Date Balls Coated Dark (22g x 3),Date Balls Coated Dark,Blend & Form,DERIVED_INLINE,SFG0132,Date Balls Coated Dark · WIP · BlendForm,1
Date Balls Coated Milk (22g x 3),Date Balls Coated Milk,Blend & Form,DERIVED_INLINE,SFG0133,Date Balls Coated Milk · WIP · BlendForm,1
Date Balls Coated White (22g x 3),Date Balls Coated White,Blend & Form,DERIVED_INLINE,SFG0134,Date Balls Coated White · WIP · BlendForm,1
3pcs date balls with blister,3pcs date balls with blister,Blend & Form,DERIVED_INLINE,SFG0135,3pcs date balls with blister · WIP · BlendForm,1
Date Bites 9gm,Date Bites,Blend & Form,DERIVED_INLINE,SFG0136,Date Bites · WIP · BlendForm,1
Date Mewa Festive Gifting & Feast Parcel 500gm,Date Mewa Festive Gifting & Feast Parcel,Blend & Form,DERIVED_INLINE,SFG0137,Date Mewa Festive Gifting & Feast Parcel · WIP · BlendForm,1
Date Mewa Ladu 18gm,Date Mewa Ladu,Blend & Form,DERIVED_INLINE,SFG0138,Date Mewa Ladu · WIP · BlendForm,1
Dates Delight Khajur Pak 375gm,Dates Delight Khajur Pak,Blend & Form,DERIVED_INLINE,SFG0139,Dates Delight Khajur Pak · WIP · BlendForm,1
Dates Mewa Assorted 210gm,Dates Mewa Assorted,Blend & Form,DERIVED_INLINE,SFG0140,Dates Mewa Assorted · WIP · BlendForm,1
Dates Mewa Classic 210gm,Dates Mewa Classic,Blend & Form,DERIVED_INLINE,SFG0141,Dates Mewa Classic · WIP · BlendForm,1
Diced Almond,Diced Almond,Blanch & Slice,DERIVED_INLINE,SFG0142,Diced Almond · WIP · BlanchSlice,1
Dr Batra#s Hair Health Protein Bar 35gm,Dr Batra#s Hair Health Protein Bar,Blend & Form,DERIVED_INLINE,SFG0143,Dr Batra#s Hair Health Protein Bar · WIP · BlendForm,1
Dragees Dark Cranberry,Dragees Dark Cranberry,Roasting + Enrobe / Choco-Coat,DERIVED_INLINE,SFG0144,Dragees Dark Cranberry · WIP · Roast+Enrobe,1
Dragees Milk Cranberry,Dragees Milk Cranberry,Roasting + Enrobe / Choco-Coat,DERIVED_INLINE,SFG0145,Dragees Milk Cranberry · WIP · Roast+Enrobe,1
Dragees White Cranberry,Dragees White Cranberry,Roasting + Enrobe / Choco-Coat,DERIVED_INLINE,SFG0146,Dragees White Cranberry · WIP · Roast+Enrobe,1
Drangees Dark Almond,Drangees Dark Almond,Roasting + Enrobe / Choco-Coat,DERIVED_INLINE,SFG0147,Drangees Dark Almond · WIP · Roast+Enrobe,1
Dried Masala Mango,Dried Masala Mango,Roast & Flavour/Salt,DERIVED_INLINE,SFG0148,Dried Masala Mango · WIP · RoastFlav,1
Dried Masala Pineapple,Dried Masala Pineapple,Roast & Flavour/Salt,DERIVED_INLINE,SFG0149,Dried Masala Pineapple · WIP · RoastFlav,1
Dry Fruit Hamper,Dry Fruit,Roast & Flavour/Salt,DERIVED_INLINE,SFG0150,Dry Fruit · WIP · RoastFlav,1
Dryfruit instant Energy laddu Bar 35gm,Dryfruit instant Energy laddu Bar,Blend & Form,DERIVED_INLINE,SFG0151,Dryfruit instant Energy laddu Bar · WIP · BlendForm,1
Dryfruit Instant Energy Laddubar Bites 9gm,Dryfruit Instant Energy Laddubar Bites,Blend & Form,DERIVED_INLINE,SFG0152,Dryfruit Instant Energy Laddubar Bites · WIP · BlendForm,1
Dryfruit Instant Energy LadduBar Pack of 5,Dryfruit Instant Energy LadduBar Pack of,Blend & Form,DERIVED_INLINE,SFG0153,Dryfruit Instant Energy LadduBar Pack of · WIP · BlendForm,1
Energy Bar - Choco Crunch 30gm,Energy Bar - Choco Crunch,Blend & Form,DERIVED_INLINE,SFG0154,Energy Bar - Choco Crunch · WIP · BlendForm,1
Energy Bar - Fig & Dates 30gm,Energy Bar - Fig & Dates,Blend & Form,DERIVED_INLINE,SFG0155,Energy Bar - Fig & Dates · WIP · BlendForm,1
Energy Bar - Hazelnut Magic 30gm,Energy Bar - Hazelnut Magic,Blend & Form,DERIVED_INLINE,SFG0156,Energy Bar - Hazelnut Magic · WIP · BlendForm,1
Energy Bar - Oats & Apricot 30gm,Energy Bar - Oats & Apricot,Blend & Form,DERIVED_INLINE,SFG0157,Energy Bar - Oats & Apricot · WIP · BlendForm,1
Energy Bars Oats and Dates (Pack of 6) 210gm,Energy Bars Oats and Dates,Blend & Form,DERIVED_INLINE,SFG0158,Energy Bars Oats and Dates · WIP · BlendForm,1
Extra Cheese Seasoning (UNC) 1Kg,Extra Cheese Seasoning,Roast & Flavour/Salt,DERIVED_INLINE,SFG0159,Extra Cheese Seasoning · WIP · RoastFlav,1
Extra Cheese Seasoning Extreme,Extra Cheese Seasoning Extreme,Roast & Flavour/Salt,DERIVED_INLINE,SFG0160,Extra Cheese Seasoning Extreme · WIP · RoastFlav,1
Extra Cheese Seasoning-UNC( Malaysian) 15kg / Extra Cheese Seasoning-UNC( Malaysian) 1kg,Extra Cheese Seasoning-UNC,Roast & Flavour/Salt,DERIVED_INLINE,SFG0161,Extra Cheese Seasoning-UNC · WIP · RoastFlav,2
Extreme Cheese Seasoning( Malaysian) 1kg,Extreme Cheese Seasoning,Roast & Flavour/Salt,DERIVED_INLINE,SFG0162,Extreme Cheese Seasoning · WIP · RoastFlav,1
FABSTA CASHEWNUT BROKEN 200G,FABSTA CASHEWNUT BROKEN,Blanch & Slice,DERIVED_INLINE,SFG0163,FABSTA CASHEWNUT BROKEN · WIP · BlanchSlice,1
FNP Choco Almonds 50gm,FNP Choco Almonds,Roasting + Enrobe / Choco-Coat,DERIVED_INLINE,SFG0164,FNP Choco Almonds · WIP · Roast+Enrobe,1
FNP Choco Berry Bites 50gm,FNP Choco Berry Bites,Blend & Form,DERIVED_INLINE,SFG0165,FNP Choco Berry Bites · WIP · BlendForm,1
FNP Pistachios Salted & Roasted 50 gm,FNP Pistachios Salted & Roasted,Roast & Flavour/Salt,DERIVED_INLINE,SFG0166,FNP Pistachios Salted & Roasted · WIP · RoastFlav,1
Gondh Dryfruit Laddu Bar 35gm,Gondh Dryfruit Laddu Bar,Blend & Form,DERIVED_INLINE,SFG0167,Gondh Dryfruit Laddu Bar · WIP · BlendForm,1
Gondh Dryfruit LadduBar Pack of 6,Gondh Dryfruit LadduBar Pack of,Blend & Form,DERIVED_INLINE,SFG0168,Gondh Dryfruit LadduBar Pack of · WIP · BlendForm,1
Green Chilli Cashew Bulk,Green Chilli Cashew Bulk,Roast & Flavour/Salt,EXISTING_BOM_ARTICLE,SFG0169,Green Chilli Cashew Bulk,1
Greendot Coated Peanuts,Greendot Coated Peanuts,Roast & Flavour/Salt,DERIVED_INLINE,SFG0170,Greendot Coated Peanuts · WIP · RoastFlav,1
Habit Coconut Cream Powder 1 Kg (Instant),Habit Coconut Cream Powder,Roast & Flavour/Salt,DERIVED_INLINE,SFG0171,Habit Coconut Cream Powder · WIP · RoastFlav,1
Habit Extra Cheese Seasoning (15kg),Habit Extra Cheese Seasoning,Roast & Flavour/Salt,DERIVED_INLINE,SFG0172,Habit Extra Cheese Seasoning · WIP · RoastFlav,1
Healing Hand Oats and Dates Bar,Healing Hand Oats and Dates Bar,Blend & Form,DERIVED_INLINE,SFG0173,Healing Hand Oats and Dates Bar · WIP · BlendForm,1
HOH Panch Mewa Mix Loose,HOH Panch Mewa Mix,Roasting,DERIVED_INLINE,SFG0174,HOH Panch Mewa Mix · WIP · Roast,1
Krack Nut Coated Peanuts Magic Masala 110g,Krack Nut Coated Peanuts Magic Masala,Roast & Flavour/Salt,DERIVED_INLINE,SFG0175,Krack Nut Coated Peanuts Magic Masala · WIP · RoastFlav,1
Krack Nut Coated Peanuts Pudina Patakha 25g Not Use,Krack Nut Coated Peanuts Pudina Patakha,Roast & Flavour/Salt,DERIVED_INLINE,SFG0176,Krack Nut Coated Peanuts Pudina Patakha · WIP · RoastFlav,1
Lemon Pepper Cashew Bulk,Lemon Pepper Cashew Bulk,Roast & Flavour/Salt,EXISTING_BOM_ARTICLE,SFG0177,Lemon Pepper Cashew Bulk,1
Mac Snack Dry Roasted Macadamias Munchies 200gm,Mac Snack Dry Roasted Macadamias Munchies,Roasting,DERIVED_INLINE,SFG0178,Mac Snack Dry Roasted Macadamias Munchies · WIP · Roast,1
Mac Snack Dry Roasted Macadamias Munchies 100gm-style 4,Mac Snack Dry Roasted Macadamias Munchies 100gm-style,Roasting,DERIVED_INLINE,SFG0179,Mac Snack Dry Roasted Macadamias Munchies 100gm-style · WIP · Roast,1
Mac Snack Roasted & Salted Macadamias Munchies 200gm-style 4,Mac Snack Roasted & Salted Macadamias Munchies 200gm-style,Roast & Flavour/Salt,DERIVED_INLINE,SFG0180,Mac Snack Roasted & Salted Macadamias Munchies 200gm-style · WIP · RoastFlav,1
Mac Snack Roasted Macadamias Munchies 100gm-style 4,Mac Snack Roasted Macadamias Munchies 100gm-style,Roast & Flavour/Salt,DERIVED_INLINE,SFG0181,Mac Snack Roasted Macadamias Munchies 100gm-style · WIP · RoastFlav,1
Macadamia Roasted & Salted style 4,Macadamia Roasted & Salted style,Roast & Flavour/Salt,DERIVED_INLINE,SFG0182,Macadamia Roasted & Salted style · WIP · RoastFlav,1
Makhana Black Pepper,Makhana Black Pepper,Roast & Flavour/Salt,DERIVED_INLINE,SFG0183,Makhana Black Pepper · WIP · RoastFlav,1
Makhana Black Salt 75gm,Makhana Black Salt,Roast & Flavour/Salt,DERIVED_INLINE,SFG0184,Makhana Black Salt · WIP · RoastFlav,1
Makhana Chilli Lime 75gm,Makhana Chilli Lime,Roast & Flavour/Salt,DERIVED_INLINE,SFG0185,Makhana Chilli Lime · WIP · RoastFlav,1
Makhana Himalayan Pink Salt,Makhana Himalayan Pink Salt,Roast & Flavour/Salt,DERIVED_INLINE,SFG0186,Makhana Himalayan Pink Salt · WIP · RoastFlav,1
Makhana Masala,Makhana Masala,Roast & Flavour/Salt,DERIVED_INLINE,SFG0187,Makhana Masala · WIP · RoastFlav,1
Makhana Peri Peri,Makhana Peri Peri,Roast & Flavour/Salt,DERIVED_INLINE,SFG0188,Makhana Peri Peri · WIP · RoastFlav,1
Masala Cashew,Masala Cashew,Roast & Flavour/Salt,DERIVED_INLINE,SFG0189,Masala Cashew · WIP · RoastFlav,1
Methi Dryfruit Laddu bar 35gm,Methi Dryfruit Laddu bar,Blend & Form,DERIVED_INLINE,SFG0190,Methi Dryfruit Laddu bar · WIP · BlendForm,1
Milk Almond Draggies,Milk Almond Draggies,Roasting + Enrobe / Choco-Coat,DERIVED_INLINE,SFG0191,Milk Almond Draggies · WIP · Roast+Enrobe,1
Milk Chocolate Coated Date Bites,Milk Chocolate Coated Date Bites,Blend & Form,DERIVED_INLINE,SFG0192,Milk Chocolate Coated Date Bites · WIP · BlendForm,1
Mocha Mojo Trail Mix,Mocha Mojo Trail Mix,Roast & Flavour/Salt,DERIVED_INLINE,SFG0193,Mocha Mojo Trail Mix · WIP · RoastFlav,1
Moon Freeze Banana Date Fruit Bar - 10 GM / Moon Freeze Banana Date Fruit Bar - 45 Gm,Moon Freeze Banana Date Fruit Bar,Blend & Form,DERIVED_INLINE,SFG0194,Moon Freeze Banana Date Fruit Bar · WIP · BlendForm,2
Moon Freeze Mango Date Fruit Bar - 10 GM / Moon Freeze Mango Date Fruit Bar - 45 Gm,Moon Freeze Mango Date Fruit Bar,Blend & Form,DERIVED_INLINE,SFG0195,Moon Freeze Mango Date Fruit Bar · WIP · BlendForm,2
Moon Freeze Pineapple Date Fruit Bar - 45 Gm / Moon Freeze Pineapple Date Fruit Bar -10 GM,Moon Freeze Pineapple Date Fruit Bar,Blend & Form,DERIVED_INLINE,SFG0196,Moon Freeze Pineapple Date Fruit Bar · WIP · BlendForm,2
Moon Freeze Strawberry Date Fruit Bar - 45 Gm / Moon Freeze Strawberry Date Fruit Bar -10 GM,Moon Freeze Strawberry Date Fruit Bar,Blend & Form,DERIVED_INLINE,SFG0197,Moon Freeze Strawberry Date Fruit Bar · WIP · BlendForm,2
Natures Cashew Split 200g (1356008),Natures Cashew Split,Blanch & Slice,DERIVED_INLINE,SFG0198,Natures Cashew Split · WIP · BlanchSlice,1
NATURES MACADAMIA ROASTED&SALTED 100g (1443558),NATURES MACADAMIA ROASTED&SALTED,Roast & Flavour/Salt,DERIVED_INLINE,SFG0199,NATURES MACADAMIA ROASTED&SALTED · WIP · RoastFlav,1
NB BARBEQUE ALMOND LOOSE,NB BARBEQUE ALMOND,Roast & Flavour/Salt,DERIVED_INLINE,SFG0200,NB BARBEQUE ALMOND · WIP · RoastFlav,1
NB BARBEQUE CASHEW LOOSE,NB BARBEQUE CASHEW,Roast & Flavour/Salt,DERIVED_INLINE,SFG0201,NB BARBEQUE CASHEW · WIP · RoastFlav,1
NB BLACK PEPPER CASHEW LOOSE,NB BLACK PEPPER CASHEW,Roast & Flavour/Salt,DERIVED_INLINE,SFG0202,NB BLACK PEPPER CASHEW · WIP · RoastFlav,1
NB CHARCOAL CASHEW LOOSE,NB CHARCOAL CASHEW,Roast & Flavour/Salt,DERIVED_INLINE,SFG0203,NB CHARCOAL CASHEW · WIP · RoastFlav,1
NB CHEESE CASHEW LOOSE,NB CHEESE CASHEW,Roast & Flavour/Salt,DERIVED_INLINE,SFG0204,NB CHEESE CASHEW · WIP · RoastFlav,1
NB GREEN CHILLY CASHEW LOOSE,NB GREEN CHILLY CASHEW,Roast & Flavour/Salt,DERIVED_INLINE,SFG0205,NB GREEN CHILLY CASHEW · WIP · RoastFlav,1
NB MASALA CASHEW LOOSE,NB MASALA CASHEW,Roast & Flavour/Salt,DERIVED_INLINE,SFG0206,NB MASALA CASHEW · WIP · RoastFlav,1
NB MASALA RAISIN LOOSE,NB MASALA RAISIN,Roast & Flavour/Salt,DERIVED_INLINE,SFG0207,NB MASALA RAISIN · WIP · RoastFlav,1
NB PAAN RAISIN LOOSE,NB PAAN RAISIN,Roast & Flavour/Salt,DERIVED_INLINE,SFG0208,NB PAAN RAISIN · WIP · RoastFlav,1
NB PERI-PERI CASHEW LOOSE,NB PERI-PERI CASHEW,Roast & Flavour/Salt,DERIVED_INLINE,SFG0209,NB PERI-PERI CASHEW · WIP · RoastFlav,1
NB ROASTED & SALTED ALMOND LOOSE,NB ROASTED & SALTED ALMOND,Roast & Flavour/Salt,DERIVED_INLINE,SFG0210,NB ROASTED & SALTED ALMOND · WIP · RoastFlav,1
NB ROASTED & SALTED CASHEW LOOSE,NB ROASTED & SALTED CASHEW,Roast & Flavour/Salt,DERIVED_INLINE,SFG0211,NB ROASTED & SALTED CASHEW · WIP · RoastFlav,1
NB ROASTED MACADAMIA INSHELL LOOSE,NB ROASTED MACADAMIA INSHELL,Roasting,DERIVED_INLINE,SFG0212,NB ROASTED MACADAMIA INSHELL · WIP · Roast,1
NB SMOKED ALMOND LOOSE,NB SMOKED ALMOND,Roast & Flavour/Salt,DERIVED_INLINE,SFG0213,NB SMOKED ALMOND · WIP · RoastFlav,1
NOICE Date Bites (18g*5),NOICE Date Bites,Blend & Form,DERIVED_INLINE,SFG0214,NOICE Date Bites · WIP · BlendForm,1
Nut Flex - Italian Herbs 33gm / Nut Flex - Italian Herbs 35gm,Nut Flex - Italian Herbs,Roast & Flavour/Salt,DERIVED_INLINE,SFG0215,Nut Flex - Italian Herbs · WIP · RoastFlav,2
Nuts and Cardamom Date Balls 48 gms,Nuts and Cardamom Date Balls,Blend & Form,DERIVED_INLINE,SFG0216,Nuts and Cardamom Date Balls · WIP · BlendForm,1
Omega Mix- Lemon Pepper 35gm,Omega Mix- Lemon Pepper,Roast & Flavour/Salt,DERIVED_INLINE,SFG0217,Omega Mix- Lemon Pepper · WIP · RoastFlav,1
ON THE RUN Assorted Energy Bars (Pack of 6x30g),ON THE RUN Assorted Energy Bars,Blend & Form,DERIVED_INLINE,SFG0218,ON THE RUN Assorted Energy Bars · WIP · BlendForm,1
ON THE RUN Choco Crunch Energy Bars 30g,ON THE RUN Choco Crunch Energy Bars,Blend & Form,DERIVED_INLINE,SFG0219,ON THE RUN Choco Crunch Energy Bars · WIP · BlendForm,1
On the Run Coffee Bite 10g,On the Run Coffee Bite,Blend & Form,DERIVED_INLINE,SFG0220,On the Run Coffee Bite · WIP · BlendForm,1
ON THE RUN Fig and Date Energy Bar (Pack of 6x30 g) / ON THE RUN Fig and Date Energy Bar 30g,ON THE RUN Fig and Date Energy Bar,Blend & Form,DERIVED_INLINE,SFG0221,ON THE RUN Fig and Date Energy Bar · WIP · BlendForm,2
ON THE RUN Hazelnut Magic Energy Bar 30g,ON THE RUN Hazelnut Magic Energy Bar,Blend & Form,DERIVED_INLINE,SFG0222,ON THE RUN Hazelnut Magic Energy Bar · WIP · BlendForm,1
"ON THE RUN Oats, Apricot & Cranberry Energy Bar 30g","ON THE RUN Oats, Apricot & Cranberry Energy Bar",Blend & Form,DERIVED_INLINE,SFG0223,"ON THE RUN Oats, Apricot & Cranberry Energy Bar · WIP · BlendForm",1
Ontherun Coffee Bite (Pack of 15x10g) / Ontherun Coffee Bite (Pack of 6*10g),Ontherun Coffee Bite,Blend & Form,DERIVED_INLINE,SFG0224,Ontherun Coffee Bite · WIP · BlendForm,2
Pan Cranberry,Pan Cranberry,Roast & Flavour/Salt,DERIVED_INLINE,SFG0225,Pan Cranberry · WIP · RoastFlav,1
Pan Raisin,Pan Raisin,Roast & Flavour/Salt,DERIVED_INLINE,SFG0226,Pan Raisin · WIP · RoastFlav,1
PEANUT BUTTER,PEANUT BUTTER,Roast & Flavour/Salt,DERIVED_INLINE,SFG0227,PEANUT BUTTER · WIP · RoastFlav,1
Peanut Coated Spanish Tomato,Peanut Coated Spanish Tomato,Roast & Flavour/Salt,DERIVED_INLINE,SFG0228,Peanut Coated Spanish Tomato · WIP · RoastFlav,1
Pecans Roasted and Salted,Pecans Roasted and Salted,Roast & Flavour/Salt,DERIVED_INLINE,SFG0229,Pecans Roasted and Salted · WIP · RoastFlav,1
Peper Garlic Cashew,Peper Garlic Cashew,Roast & Flavour/Salt,DERIVED_INLINE,SFG0230,Peper Garlic Cashew · WIP · RoastFlav,1
Pepper Cashew,Pepper Cashew,Roast & Flavour/Salt,DERIVED_INLINE,SFG0231,Pepper Cashew · WIP · RoastFlav,1
Pepper Pista 100g Pet,Pepper Pista,Roast & Flavour/Salt,DERIVED_INLINE,SFG0232,Pepper Pista · WIP · RoastFlav,1
Pepper Pista Inshell,Pepper Pista Inshell,Roast & Flavour/Salt,DERIVED_INLINE,SFG0233,Pepper Pista Inshell · WIP · RoastFlav,1
PEPPER SNACK MIX,PEPPER SNACK MIX,Roast & Flavour/Salt,DERIVED_INLINE,SFG0234,PEPPER SNACK MIX · WIP · RoastFlav,1
Peri Peri Cashew / Peri Peri Cashew Bulk,Peri Peri Cashew,Roast & Flavour/Salt,EXISTING_BOM_ARTICLE,SFG0235,Peri Peri Cashew Bulk,2
Peri Peri Pecannut,Peri Peri Pecannut,Roast & Flavour/Salt,DERIVED_INLINE,SFG0236,Peri Peri Pecannut · WIP · RoastFlav,1
Pink Salt Almonds Bulk,Pink Salt Almonds Bulk,Roast & Flavour/Salt,EXISTING_BOM_ARTICLE,SFG0237,Pink Salt Almonds Bulk,1
Pista Akbari Roasted and Salted,Pista Akbari Roasted and Salted,Roast & Flavour/Salt,DERIVED_INLINE,SFG0238,Pista Akbari Roasted and Salted · WIP · RoastFlav,1
Pista Irani 101 Inshell Roasted and salted,Pista Irani 101 Inshell Roasted and salted,Roast & Flavour/Salt,DERIVED_INLINE,SFG0239,Pista Irani 101 Inshell Roasted and salted · WIP · RoastFlav,1
Pista Irani Inshell Roasted and Salted,Pista Irani Inshell Roasted and Salted,Roast & Flavour/Salt,DERIVED_INLINE,SFG0240,Pista Irani Inshell Roasted and Salted · WIP · RoastFlav,1
PISTA PERI PERI,PISTA PERI PERI,Roast & Flavour/Salt,DERIVED_INLINE,SFG0241,PISTA PERI PERI · WIP · RoastFlav,1
Plain Coated Peanuts,Plain Coated Peanuts,Roast & Flavour/Salt,DERIVED_INLINE,SFG0242,Plain Coated Peanuts · WIP · RoastFlav,1
Planck Foods Multi Millet 5 GC puffs 210g,Planck Foods Multi Millet 5 GC puffs,Roasting,DERIVED_INLINE,SFG0243,Planck Foods Multi Millet 5 GC puffs · WIP · Roast,1
Premium Trail Mix 100gm,Premium Trail Mix,Roast & Flavour/Salt,DERIVED_INLINE,SFG0244,Premium Trail Mix · WIP · RoastFlav,1
Pudina Cashew,Pudina Cashew,Roast & Flavour/Salt,DERIVED_INLINE,SFG0245,Pudina Cashew · WIP · RoastFlav,1
Pudina Makhana,Pudina Makhana,Roast & Flavour/Salt,DERIVED_INLINE,SFG0246,Pudina Makhana · WIP · RoastFlav,1
Pumpkin Seeds Roasted,Pumpkin Seeds Roasted,Roasting,DERIVED_INLINE,SFG0247,Pumpkin Seeds Roasted · WIP · Roast,1
Pumpkin Seeds Roasted and Salted,Pumpkin Seeds Roasted and Salted,Roast & Flavour/Salt,DERIVED_INLINE,SFG0248,Pumpkin Seeds Roasted and Salted · WIP · RoastFlav,1
Red Dates Seedless 500 Gm,Red Dates Seedless,De-Seeding,DERIVED_INLINE,SFG0249,Red Dates Seedless · WIP · DeSeed,1
Rhine Valley Almond & Coffee Date Bar 50gm,Rhine Valley Almond & Coffee Date Bar,Blend & Form,DERIVED_INLINE,SFG0250,Rhine Valley Almond & Coffee Date Bar · WIP · BlendForm,1
Rhine Valley Almond & Cranberry Date Bar 50gm,Rhine Valley Almond & Cranberry Date Bar,Blend & Form,DERIVED_INLINE,SFG0251,Rhine Valley Almond & Cranberry Date Bar · WIP · BlendForm,1
Rhine Valley Almond & Orange Dark Chocolate Date Bar 50gm,Rhine Valley Almond & Orange Dark Chocolate Date Bar,Blend & Form,DERIVED_INLINE,SFG0252,Rhine Valley Almond & Orange Dark Chocolate Date Bar · WIP · BlendForm,1
Rhine Valley Barbeque Trail Mix 100gm,Rhine Valley Barbeque Trail Mix,Roast & Flavour/Salt,DERIVED_INLINE,SFG0253,Rhine Valley Barbeque Trail Mix · WIP · RoastFlav,1
Rhine Valley Black Pepper Trail Mix 100gm,Rhine Valley Black Pepper Trail Mix,Roast & Flavour/Salt,DERIVED_INLINE,SFG0254,Rhine Valley Black Pepper Trail Mix · WIP · RoastFlav,1
Rhine Valley Fruit & Nut Date Bar 50gm,Rhine Valley Fruit & Nut Date Bar,Blend & Form,DERIVED_INLINE,SFG0255,Rhine Valley Fruit & Nut Date Bar · WIP · BlendForm,1
Rhine Valley Himalayan Pink Salt Trail Mix 100gm,Rhine Valley Himalayan Pink Salt Trail Mix,Roast & Flavour/Salt,DERIVED_INLINE,SFG0256,Rhine Valley Himalayan Pink Salt Trail Mix · WIP · RoastFlav,1
Rhine Valley Masala Trail mix 100g,Rhine Valley Masala Trail mix,Roast & Flavour/Salt,DERIVED_INLINE,SFG0257,Rhine Valley Masala Trail mix · WIP · RoastFlav,1
Rhine Valley Peri Peri Trail Mix 100gm,Rhine Valley Peri Peri Trail Mix,Roast & Flavour/Salt,DERIVED_INLINE,SFG0258,Rhine Valley Peri Peri Trail Mix · WIP · RoastFlav,1
"Rhine Valley Raspberry, Almond & Dark Chocolate Date Bar 50gm","Rhine Valley Raspberry, Almond & Dark Chocolate Date Bar",Blend & Form,DERIVED_INLINE,SFG0259,"Rhine Valley Raspberry, Almond & Dark Chocolate Date Bar · WIP · BlendForm",1
Rhine Valley Rose & Pistachio Date Bar 50gm,Rhine Valley Rose & Pistachio Date Bar,Blend & Form,DERIVED_INLINE,SFG0260,Rhine Valley Rose & Pistachio Date Bar · WIP · BlendForm,1
Roasted & Salted Almonds,Roasted & Salted Almonds,Roast & Flavour/Salt,EXISTING_BOM_ARTICLE,SFG0261,Roasted & Salted Almonds Bulk,1
Roasted & Salted Cashew / Roasted & Salted Cashew Bulk,Roasted & Salted Cashew,Roast & Flavour/Salt,EXISTING_BOM_ARTICLE,SFG0262,Roasted & Salted Cashew Bulk,2
Roasted & Salted Pecan Nuts 75gm,Roasted & Salted Pecan Nuts,Roast & Flavour/Salt,DERIVED_INLINE,SFG0263,Roasted & Salted Pecan Nuts · WIP · RoastFlav,1
Roasted & Salted Pista 230g,Roasted & Salted Pista,Roast & Flavour/Salt,DERIVED_INLINE,SFG0264,Roasted & Salted Pista · WIP · RoastFlav,1
Roasted Black Sesame (Kale Til) Seeds,Roasted Black Sesame (Kale Til) Seeds,Roasting,DERIVED_INLINE,SFG0265,Roasted Black Sesame (Kale Til) Seeds · WIP · Roast,1
Roasted Flax Seeds,Roasted Flax Seeds,Roasting,DERIVED_INLINE,SFG0266,Roasted Flax Seeds · WIP · Roast,1
Roasted Makhana,Roasted Makhana,Roasting,DERIVED_INLINE,SFG0267,Roasted Makhana · WIP · Roast,1
Roasted Peanuts,Roasted Peanuts,Roasting,DERIVED_INLINE,SFG0268,Roasted Peanuts · WIP · Roast,1
Roasted Peanuts Split,Roasted Peanuts Split,Roasting,DERIVED_INLINE,SFG0269,Roasted Peanuts Split · WIP · Roast,1
Roasted Poppy Seed,Roasted Poppy Seed,Roasting,DERIVED_INLINE,SFG0270,Roasted Poppy Seed · WIP · Roast,1
Roasted Salted Flax Seeds,Roasted Salted Flax Seeds,Roasting,DERIVED_INLINE,SFG0271,Roasted Salted Flax Seeds · WIP · Roast,1
Roasted White Sesame (Safed Til) Seeds,Roasted White Sesame (Safed Til) Seeds,Roasting,DERIVED_INLINE,SFG0272,Roasted White Sesame (Safed Til) Seeds · WIP · Roast,1
Royal Delight Stuff Medjoul Dates 21 Pcs,Royal Delight Stuff Medjoul Dates,De-Seeding + Stuffing,DERIVED_INLINE,SFG0273,Royal Delight Stuff Medjoul Dates · WIP · DeSeed+Stuff,1
Royal Delight Stuffed Medjoul Dates 12 Pcs,Royal Delight Stuffed Medjoul Dates,De-Seeding + Stuffing,DERIVED_INLINE,SFG0274,Royal Delight Stuffed Medjoul Dates · WIP · DeSeed+Stuff,1
Royal Delight Stuffed Medjul Large Dates 12 Pieces,Royal Delight Stuffed Medjul Large Dates,De-Seeding + Stuffing,DERIVED_INLINE,SFG0275,Royal Delight Stuffed Medjul Large Dates · WIP · DeSeed+Stuff,1
ROYAL TRADITON SNACK MASALA MIX 100G,ROYAL TRADITON SNACK MASALA MIX,Roast & Flavour/Salt,DERIVED_INLINE,SFG0276,ROYAL TRADITON SNACK MASALA MIX · WIP · RoastFlav,1
ROYAL TRADITON SNACK MIX CHATPATA-100G,ROYAL TRADITON SNACK MIX CHATPATA,Roast & Flavour/Salt,DERIVED_INLINE,SFG0277,ROYAL TRADITON SNACK MIX CHATPATA · WIP · RoastFlav,1
Salt and Pepper Cashew Bulk,Salt and Pepper Cashew Bulk,Roast & Flavour/Salt,EXISTING_BOM_ARTICLE,SFG0278,Salt and Pepper Cashew Bulk,1
Salted Premium Nut Mix,Salted Premium Nut Mix,Roast & Flavour/Salt,DERIVED_INLINE,SFG0279,Salted Premium Nut Mix · WIP · RoastFlav,1
Seed Mix,Seed Mix,Roasting,DERIVED_INLINE,SFG0280,Seed Mix · WIP · Roast,1
Seed Trail Mix,Seed Trail Mix,Roasting,DERIVED_INLINE,SFG0281,Seed Trail Mix · WIP · Roast,1
Seedy Sheid- Lime Chilly 33gm / Seedy Sheid- Lime Chilly 35gm,Seedy Sheid- Lime Chilly,Roast & Flavour/Salt,DERIVED_INLINE,SFG0282,Seedy Sheid- Lime Chilly · WIP · RoastFlav,2
Single Safavi Stuffed Dates,Single Safavi Stuffed Dates,De-Seeding + Stuffing,DERIVED_INLINE,SFG0283,Single Safavi Stuffed Dates · WIP · DeSeed+Stuff,1
Smoked Almonds / Smoked Almonds Bulk,Smoked Almonds,Roast & Flavour/Salt,EXISTING_BOM_ARTICLE,SFG0284,Smoked Almonds Bulk,2
Smokey BBQ Cashew Bulk,Smokey BBQ Cashew Bulk,Roast & Flavour/Salt,EXISTING_BOM_ARTICLE,SFG0285,Smokey BBQ Cashew Bulk,1
Smokey BBQ Coated Peanuts 200g / Smokey BBQ Coated Peanuts 70gm,Smokey BBQ Coated Peanuts,Roast & Flavour/Salt,DERIVED_INLINE,SFG0286,Smokey BBQ Coated Peanuts · WIP · RoastFlav,2
Snack Amor Popcorn Makhana 55 Gm,Snack Amor Popcorn Makhana,Roast & Flavour/Salt,DERIVED_INLINE,SFG0287,Snack Amor Popcorn Makhana · WIP · RoastFlav,1
Snackania California Pistachio Roasted & Salted 230g,Snackania California Pistachio Roasted & Salted,Roast & Flavour/Salt,DERIVED_INLINE,SFG0288,Snackania California Pistachio Roasted & Salted · WIP · RoastFlav,1
Snackania Cocktail Mix 480g,Snackania Cocktail Mix,Roast & Flavour/Salt,DERIVED_INLINE,SFG0289,Snackania Cocktail Mix · WIP · RoastFlav,1
Snackania Irani Pistachio Roasted & Salted 230g,Snackania Irani Pistachio Roasted & Salted,Roast & Flavour/Salt,DERIVED_INLINE,SFG0290,Snackania Irani Pistachio Roasted & Salted · WIP · RoastFlav,1
Snacktive Green Chilli Cashew 250 gm,Snacktive Green Chilli Cashew,Roast & Flavour/Salt,DERIVED_INLINE,SFG0291,Snacktive Green Chilli Cashew · WIP · RoastFlav,1
Solimo Premium Macadamia Nuts 250g (B07MLD6WFQ),Solimo Premium Macadamia Nuts,Roasting,DERIVED_INLINE,SFG0292,Solimo Premium Macadamia Nuts · WIP · Roast,1
Sour & Cream Cashew Bulk,Sour & Cream Cashew Bulk,Roast & Flavour/Salt,EXISTING_BOM_ARTICLE,SFG0293,Sour & Cream Cashew Bulk,1
Stuffed Dates 1kg,Stuffed Dates,De-Seeding + Stuffing,DERIVED_INLINE,SFG0294,Stuffed Dates · WIP · DeSeed+Stuff,1
Stuffed Medjoul Large Pc,Stuffed Medjoul Large Pc,De-Seeding + Stuffing,DERIVED_INLINE,SFG0295,Stuffed Medjoul Large Pc · WIP · DeSeed+Stuff,1
Stuffed Medjoul Large Pc with Almond,Stuffed Medjoul Large Pc with Almond,De-Seeding + Stuffing,DERIVED_INLINE,SFG0296,Stuffed Medjoul Large Pc with Almond · WIP · DeSeed+Stuff,1
Stuffed Medjoul Large Pc with Dried Pomelo,Stuffed Medjoul Large Pc with Dried Pomelo,De-Seeding + Stuffing,DERIVED_INLINE,SFG0297,Stuffed Medjoul Large Pc with Dried Pomelo · WIP · DeSeed+Stuff,1
Stuffed Medjoul Large Pc with Hazel Nut,Stuffed Medjoul Large Pc with Hazel Nut,De-Seeding + Stuffing,DERIVED_INLINE,SFG0298,Stuffed Medjoul Large Pc with Hazel Nut · WIP · DeSeed+Stuff,1
Stuffed Medjoul Large Pc with Macadamia,Stuffed Medjoul Large Pc with Macadamia,De-Seeding + Stuffing,DERIVED_INLINE,SFG0299,Stuffed Medjoul Large Pc with Macadamia · WIP · DeSeed+Stuff,1
Stuffed Medjoul Large Pc with Orange Peel,Stuffed Medjoul Large Pc with Orange Peel,De-Seeding + Stuffing,DERIVED_INLINE,SFG0300,Stuffed Medjoul Large Pc with Orange Peel · WIP · DeSeed+Stuff,1
Stuffed Medjoul Large Pc with Pecan Nut,Stuffed Medjoul Large Pc with Pecan Nut,De-Seeding + Stuffing,DERIVED_INLINE,SFG0301,Stuffed Medjoul Large Pc with Pecan Nut · WIP · DeSeed+Stuff,1
Stuffed Medjoul Large Pc with Pista,Stuffed Medjoul Large Pc with Pista,De-Seeding + Stuffing,DERIVED_INLINE,SFG0302,Stuffed Medjoul Large Pc with Pista · WIP · DeSeed+Stuff,1
Sunflower Seed 100g (B07GR6G24J) FBA,Sunflower Seed,Roasting,DERIVED_INLINE,SFG0303,Sunflower Seed · WIP · Roast,1
Sunflower Seeds Roasted,Sunflower Seeds Roasted,Roasting,DERIVED_INLINE,SFG0304,Sunflower Seeds Roasted · WIP · Roast,1
Sunflower Seeds Roasted and Salted,Sunflower Seeds Roasted and Salted,Roast & Flavour/Salt,DERIVED_INLINE,SFG0305,Sunflower Seeds Roasted and Salted · WIP · RoastFlav,1
"Tasties Coated Peanuts - Tandoori Masala, Flavourful & Crispy 25 g","Tasties Coated Peanuts - Tandoori Masala, Flavourful & Crispy",Roast & Flavour/Salt,DERIVED_INLINE,SFG0306,"Tasties Coated Peanuts - Tandoori Masala, Flavourful & Crispy · WIP · RoastFlav",1
"Tasties Coated Peanuts - Thai Spice, Flavourful & Crispy 25 g","Tasties Coated Peanuts - Thai Spice, Flavourful & Crispy",Roast & Flavour/Salt,DERIVED_INLINE,SFG0307,"Tasties Coated Peanuts - Thai Spice, Flavourful & Crispy · WIP · RoastFlav",1
Trail Mix / Trail Mix Bulk,Trail Mix,Roast & Flavour/Salt,DERIVED_INLINE,SFG0308,Trail Mix · WIP · RoastFlav,2
Trail Mix - Every Health,Trail Mix - Every Health,Roast & Flavour/Salt,DERIVED_INLINE,SFG0309,Trail Mix - Every Health · WIP · RoastFlav,1
Urban Platter Almond Blueberry Bar 45g,Urban Platter Almond Blueberry Bar,Blend & Form,DERIVED_INLINE,SFG0310,Urban Platter Almond Blueberry Bar · WIP · BlendForm,1
Urban Platter Chocolate Vanilla Bar 45g,Urban Platter Chocolate Vanilla Bar,Blend & Form,DERIVED_INLINE,SFG0311,Urban Platter Chocolate Vanilla Bar · WIP · BlendForm,1
Urban Platter Cranberry Orange Bar 45g,Urban Platter Cranberry Orange Bar,Blend & Form,DERIVED_INLINE,SFG0312,Urban Platter Cranberry Orange Bar · WIP · BlendForm,1
Urban Platter Mocha Bar 45g,Urban Platter Mocha Bar,Blend & Form,DERIVED_INLINE,SFG0313,Urban Platter Mocha Bar · WIP · BlendForm,1
Vedaka Broken Cashew 1kg (B0D9NZYHDC),Vedaka Broken Cashew,Blanch & Slice,DERIVED_INLINE,SFG0314,Vedaka Broken Cashew · WIP · BlanchSlice,1
Vedaka Cashews - Broken 500g (B0D9NYHTG1),Vedaka Cashews - Broken,Blanch & Slice,DERIVED_INLINE,SFG0315,Vedaka Cashews - Broken · WIP · BlanchSlice,1
Vedaka Healthy Seed Mix 200gm(B0B69L57PV),Vedaka Healthy Seed Mix,Roast & Flavour/Salt,DERIVED_INLINE,SFG0316,Vedaka Healthy Seed Mix · WIP · RoastFlav,1
Vedaka Popular Cashew Broken 100g FBA(B07GR3S1RL) / Vedaka Popular Cashew Broken 200g FBA(B07GQWS1BS),Vedaka Popular Cashew Broken,Blanch & Slice,DERIVED_INLINE,SFG0317,Vedaka Popular Cashew Broken · WIP · BlanchSlice,2
Vedaka Premium Flavored Dry Fruits 500 gm Gift Box (B0CGVC7DF2),Vedaka Premium Flavored Dry Fruits,Roast & Flavour/Salt,DERIVED_INLINE,SFG0318,Vedaka Premium Flavored Dry Fruits · WIP · RoastFlav,1
Vedaka Premium Sunflower Seeds 500g (B07GR2G67L),Vedaka Premium Sunflower Seeds,Roasting,DERIVED_INLINE,SFG0319,Vedaka Premium Sunflower Seeds · WIP · Roast,1
Vedaka Salted Peanuts - 200g (B0CZ9GZ9F2) / Vedaka Salted Peanuts 200 gm (102219262),Vedaka Salted Peanuts,Roast & Flavour/Salt,DERIVED_INLINE,SFG0320,Vedaka Salted Peanuts · WIP · RoastFlav,2
Walnut Flavoured Salt & Pepper (Quarters) Loose,Walnut Flavoured Salt & Pepper,Roast & Flavour/Salt,DERIVED_INLINE,SFG0321,Walnut Flavoured Salt & Pepper · WIP · RoastFlav,1
Watermelon Seeds Roasted,Watermelon Seeds Roasted,Roasting,DERIVED_INLINE,SFG0322,Watermelon Seeds Roasted · WIP · Roast,1
White Almond Draggies,White Almond Draggies,Roasting + Enrobe / Choco-Coat,DERIVED_INLINE,SFG0323,White Almond Draggies · WIP · Roast+Enrobe,1
Wholesome millet laddu bar 35gm,Wholesome millet laddu bar,Blend & Form,DERIVED_INLINE,SFG0324,Wholesome millet laddu bar · WIP · BlendForm,1
YUMASANA COATED PEANUTS - BARB EQUE 150g,YUMASANA COATED PEANUTS - BARB EQUE,Roast & Flavour/Salt,DERIVED_INLINE,SFG0325,YUMASANA COATED PEANUTS - BARB EQUE · WIP · RoastFlav,1
YUMASANA COATED PEANUTS - CHILLI GARLIC 150g,YUMASANA COATED PEANUTS - CHILLI GARLIC,Roast & Flavour/Salt,DERIVED_INLINE,SFG0326,YUMASANA COATED PEANUTS - CHILLI GARLIC · WIP · RoastFlav,1
YUMASANA COATED PEANUTS - PERI PERI 150g,YUMASANA COATED PEANUTS - PERI PERI,Roast & Flavour/Salt,DERIVED_INLINE,SFG0327,YUMASANA COATED PEANUTS - PERI PERI · WIP · RoastFlav,1
YUMASANA COATED PEANUTS - THAI CHILLI 150g,YUMASANA COATED PEANUTS - THAI CHILLI,Roast & Flavour/Salt,DERIVED_INLINE,SFG0328,YUMASANA COATED PEANUTS - THAI CHILLI · WIP · RoastFlav,1
Zorro Maple Glazed Pecans 100g,Zorro Maple Glazed Pecans,Roast & Flavour/Salt,DERIVED_INLINE,SFG0329,Zorro Maple Glazed Pecans · WIP · RoastFlav,1
Zorro Pecan Grain Free Granola 100g,Zorro Pecan Grain Free Granola,Roast & Flavour/Salt,DERIVED_INLINE,SFG0330,Zorro Pecan Grain Free Granola · WIP · RoastFlav,1
Zorro Roasted & Lightly Salted Pecans 100g,Zorro Roasted & Lightly Salted Pecans,Roast & Flavour/Salt,DERIVED_INLINE,SFG0331,Zorro Roasted & Lightly Salted Pecans · WIP · RoastFlav,1
Zorro Sweet & Spicy Pecan 100g,Zorro Sweet & Spicy Pe,Roast & Flavour/Salt,DERIVED_INLINE,SFG0332,Zorro Sweet & Spicy Pe · WIP · RoastFlav,1
