unit,group,closing_kg,source_column,doc_no,date,article_or_item,rm_or_route,kg,extra
W-202,dates,-121935.8,OUTWARD,CND/25-26/10782,2026-04-03,AL BARAKAH,,15000.0,PDF:26-27\01.APRIL 26\030426\O
W-202,dates,-121935.8,OUTWARD,CND/26-27/274,2026-04-14,GOOD LIFE ARABIAN DATES 500 g,,8895.0,
W-202,dates,-121935.8,OUTWARD,CND/25-26/10782,2026-04-03,AL Barakah Date Paste,,8000.0,PDF:26-27\01.APRIL 26\030426\O
W-202,dates,-121935.8,OUTWARD,CDPL/26-27/40,2026-04-27,AL Barakah Date Paste,,6250.0,
W-202,dates,-121935.8,OUTWARD,CDPL/26-27/27,2026-04-17,AL Barakah Date Paste,,6000.0,
W-202,dates,-121935.8,OUTWARD,CDPL/26-27/74,2026-05-14,AL BARAKAH FARD,,6000.0,PDF:140526\Tajir [CDPL] {74} (
W-202,dates,-121935.8,OUTWARD,CND/26-27/13,2026-04-02,AL BARAKAH FARD DATES PREMIUM - 10KG,,5000.0,
W-202,dates,-121935.8,OUTWARD,CND/26-27/145,2026-04-09,AL BARAKAH FARD DATES PREMIUM - 10KG,,5000.0,
W-202,dates,-121935.8,OUTWARD,CDPL/26-27/26,2026-04-17,AL Barakah Date Paste,,5000.0,
W-202,dates,-121935.8,OUTWARD,CND/26-27/405,2026-04-21,AL BARAKAH FARD DATES PREMIUM - 10KG,,5000.0,
W-202,dates,-121935.8,OUTWARD,CND/26-27/522,2026-04-27,GI- Eatrite Arabian Dates 500gm,,5000.0,
W-202,dates,-121935.8,OUTWARD,CND/26-27/523,2026-04-27,GI- Eatrite Fard Dates 500gm,,5000.0,
W-202,dates,-121935.8,OUTWARD,CDPL/26-27/43,2026-04-27,AL Barakah Date Paste,,5000.0,
W-202,dates,-121935.8,OUTWARD,CDPL/26-27/44,2026-04-27,AL BARAKAH DATE PASTE 12.5KG,,5000.0,
W-202,dates,-121935.8,OUTWARD,CDPL/26-27/55,2026-05-02,Al Barakah Date Powder 5%,,5000.0,
W-202,dates,-121935.8,ADJ-OUT (BOM),CND/26-27/274,2026-04-14,GOOD LIFE ARABIAN DATES 500 g,Sayer Dates,9108.5,
W-202,dates,-121935.8,ADJ-OUT (BOM),CND/26-27/522,2026-04-27,GI- Eatrite Arabian Dates 500gm,Sufri Wet Dates,5000.0,
W-202,dates,-121935.8,ADJ-OUT (BOM),CND/26-27/523,2026-04-27,GI- Eatrite Fard Dates 500gm,AL BARAKAH FARD DATES STANDARD,5000.0,
W-202,dates,-121935.8,ADJ-OUT (BOM),CND/26-27/423,2026-04-21,GOOD LIFE ARABIAN DATES 500 g,Sayer Dates,4085.8,
W-202,dates,-121935.8,ADJ-OUT (BOM),CND/26-27/491,2026-04-25,GOOD LIFE FARD DATES 500 g,AL BARAKAH FARD DATES STANDARD,3164.2,
W-202,dates,-121935.8,ADJ-OUT (BOM),CND/26-27/786,2026-05-12,GOOD LIFE FARD DATES 500 g,AL BARAKAH FARD DATES STANDARD,1797.1,
W-202,dates,-121935.8,ADJ-OUT (BOM),CND/26-27/274,2026-04-14,GOOD LIFE FARD DATES 500 g,AL BARAKAH FARD DATES STANDARD,1582.1,
W-202,dates,-121935.8,ADJ-OUT (BOM),CND/26-27/574,2026-04-30,PL CLASSIC DATES 500G,AL BARAKAH SAYER DATES THERMO(500GM X 16),1520.0,
W-202,dates,-121935.8,ADJ-OUT (BOM),CND/26-27/411,2026-04-21,PL CLASSIC DATES 500G,AL BARAKAH SAYER DATES THERMO(500GM X 16),1496.0,
W-202,dates,-121935.8,ADJ-OUT (BOM),CDPL/26-27/14,2026-04-10,CURATE DATES KIMIA IMP IRAN 500G,Wet Dates (Mazafati),1344.0,
W-202,dates,-121935.8,ADJ-OUT (BOM),CND/26-27/275,2026-04-14,Delmonte Royal Fard Dates 200gm [1 Case x 36 unit] Promo,AL BARAKAH FARD DATES STANDARD,1296.0,
W-202,dates,-121935.8,ADJ-OUT (BOM),CND/26-27/44,2026-04-06,PL CLASSIC DATES 500G,AL BARAKAH SAYER DATES THERMO(500GM X 16),1192.0,
W-202,dates,-121935.8,ADJ-OUT (BOM),CND/26-27/269,2026-04-14,PL CLASSIC DATES 500G,AL BARAKAH SAYER DATES THERMO(500GM X 16),1128.0,
W-202,dates,-121935.8,ADJ-OUT (BOM),CND/26-27/108,2026-04-08,Delmonte Royal Fard Dates 450gm [1Case x 24Pack] PR,AL BARAKAH FARD DATES STANDARD,1080.0,
W-202,dates,-121935.8,ADJ-OUT (BOM),CND/26-27/109,2026-04-08,Delmonte Royal Fard Dates 450gm [1Case x 24Pack]NPR,AL BARAKAH FARD DATES STANDARD,1080.0,
W-202,dates,-121935.8,XFR-OUT,TRANS202604171645,2026-04-17,WET DATES SAFAVI,W202→F53 [Received],15.0,
W-202,dates,-121935.8,XFR-OUT,TRANS202604171645,2026-04-17,WET DATES SAFAVI,W202→F53 [Received],15.0,
W-202,dates,-121935.8,XFR-OUT,TRANS202604171645,2026-04-17,WET DATES SAFAVI,W202→F53 [Received],15.0,
W-202,dates,-121935.8,XFR-OUT,TRANS202604171645,2026-04-17,WET DATES SAFAVI,W202→F53 [Received],15.0,
W-202,dates,-121935.8,XFR-OUT,TRANS202604171645,2026-04-17,WET DATES SAFAVI,W202→F53 [Received],15.0,
W-202,dates,-121935.8,XFR-OUT,TRANS202604171645,2026-04-17,WET DATES SAFAVI,W202→F53 [Received],15.0,
W-202,dates,-121935.8,XFR-OUT,TRANS202604171645,2026-04-17,WET DATES SAFAVI,W202→F53 [Received],15.0,
W-202,dates,-121935.8,XFR-OUT,TRANS202604171645,2026-04-17,WET DATES SAFAVI,W202→F53 [Received],15.0,
W-202,dates,-121935.8,XFR-OUT,TRANS202604171645,2026-04-17,WET DATES SAFAVI,W202→F53 [Received],15.0,
W-202,dates,-121935.8,XFR-OUT,TRANS202604171645,2026-04-17,WET DATES SAFAVI,W202→F53 [Received],15.0,
W-202,dates,-121935.8,XFR-OUT,TRANS202604171645,2026-04-17,WET DATES SAFAVI,W202→F53 [Received],15.0,
W-202,dates,-121935.8,XFR-OUT,TRANS202604171645,2026-04-17,WET DATES SAFAVI,W202→F53 [Received],15.0,
W-202,dates,-121935.8,XFR-OUT,TRANS202604171645,2026-04-17,WET DATES SAFAVI,W202→F53 [Received],15.0,
W-202,dates,-121935.8,XFR-OUT,TRANS202604171645,2026-04-17,WET DATES SAFAVI,W202→F53 [Received],15.0,
W-202,dates,-121935.8,XFR-OUT,TRANS202604171645,2026-04-17,WET DATES SAFAVI,W202→F53 [Received],15.0,
F-53,dates,-11397.8,OUTWARD,CF53/2627/00270,2026-05-15,AL BARAKAH FARD DATES PREMIUM - 500g,,3200.0,PDF:APMC Sales Invoices (15th 
F-53,dates,-11397.8,OUTWARD,CF53/2627/00201,2026-04-28,Fardh Dates,,3000.0,
F-53,dates,-11397.8,OUTWARD,CF53/2627/00236,2026-05-07,Medjoul Dates Super Jumbo,,2010.0,
F-53,dates,-11397.8,OUTWARD,CF53/2627/00051,2026-04-03,Medjoul Dates Super Jumbo,,1040.0,
F-53,dates,-11397.8,OUTWARD,CF53/2627/00051,2026-04-03,Medjoul Dates Large,,1040.0,
F-53,dates,-11397.8,OUTWARD,CF53/2627/00083,2026-04-09,Ameri Dates,,990.0,
F-53,dates,-11397.8,OUTWARD,CF53/2627/00153,2026-04-24,Deri Dates,,970.0,
F-53,dates,-11397.8,OUTWARD,CF53/2627/00267,2026-05-15,King Solomon Medjoul Dates 500 Gms,,680.0,PDF:APMC Sales Invoices (15th 
F-53,dates,-11397.8,OUTWARD,CF53/2627/00248,2026-05-11,Mazafati Dates,,595.1,
F-53,dates,-11397.8,OUTWARD,CF53/2627/00281,2026-05-18,AL BARAKAH FARD,,520.0,PDF:APMC Sales Invoices (18th 
F-53,dates,-11397.8,OUTWARD,CF53/2627/00070,2026-04-08,King Solomon Medjoul Dates 500 Gms,,480.0,
F-53,dates,-11397.8,OUTWARD,CF53/2627/00223,2026-05-05,King Solomon Medjoul Dates 500 Gms,,480.0,
F-53,dates,-11397.8,OUTWARD,CF53/2627/00107,2026-04-15,King Solomon Medjoul Dates 500 Gms,,400.0,
F-53,dates,-11397.8,OUTWARD,CF53/2627/00139,2026-04-22,King Solomon Medjoul Dates 500 Gms,,400.0,
F-53,dates,-11397.8,OUTWARD,CF53/2627/00187,2026-04-28,King Solomon Medjoul Dates 500 Gms,,400.0,
F-53,dates,-11397.8,ADJ-OUT (BOM),CF53/2627/00070,2026-04-08,King Solomon Medjoul Dates 500 Gms,WET DATES MEDJOUL BULK LARGE (5),494.4,
F-53,dates,-11397.8,ADJ-OUT (BOM),CF53/2627/00223,2026-05-05,King Solomon Medjoul Dates 500 Gms,WET DATES MEDJOUL BULK LARGE (5),494.4,
F-53,dates,-11397.8,ADJ-OUT (BOM),CF53/2627/00070,2026-04-08,King Solomon Medjoul Dates 500 Gms,Medjoul Dates Large,480.0,
F-53,dates,-11397.8,ADJ-OUT (BOM),CF53/2627/00223,2026-05-05,King Solomon Medjoul Dates 500 Gms,Medjoul Dates Large,480.0,
F-53,dates,-11397.8,ADJ-OUT (BOM),CF53/2627/00107,2026-04-15,King Solomon Medjoul Dates 500 Gms,WET DATES MEDJOUL BULK LARGE (5),412.0,
F-53,dates,-11397.8,ADJ-OUT (BOM),CF53/2627/00139,2026-04-22,King Solomon Medjoul Dates 500 Gms,WET DATES MEDJOUL BULK LARGE (5),412.0,
F-53,dates,-11397.8,ADJ-OUT (BOM),CF53/2627/00187,2026-04-28,King Solomon Medjoul Dates 500 Gms,WET DATES MEDJOUL BULK LARGE (5),412.0,
F-53,dates,-11397.8,ADJ-OUT (BOM),CF53/2627/00244,2026-05-09,King Solomon Medjoul Dates 500 Gms,WET DATES MEDJOUL BULK LARGE (5),412.0,
F-53,dates,-11397.8,ADJ-OUT (BOM),CF53/2627/00107,2026-04-15,King Solomon Medjoul Dates 500 Gms,Medjoul Dates Large,400.0,
F-53,dates,-11397.8,ADJ-OUT (BOM),CF53/2627/00139,2026-04-22,King Solomon Medjoul Dates 500 Gms,Medjoul Dates Large,400.0,
F-53,dates,-11397.8,ADJ-OUT (BOM),CF53/2627/00187,2026-04-28,King Solomon Medjoul Dates 500 Gms,Medjoul Dates Large,400.0,
F-53,dates,-11397.8,ADJ-OUT (BOM),CF53/2627/00244,2026-05-09,King Solomon Medjoul Dates 500 Gms,Medjoul Dates Large,400.0,
F-53,dates,-11397.8,ADJ-OUT (BOM),CF53/2627/00092,2026-04-11,King Solomon Medjoul Dates 500 Gms,WET DATES MEDJOUL BULK LARGE (5),370.8,
F-53,dates,-11397.8,ADJ-OUT (BOM),CF53/2627/00140,2026-04-22,King Solomon Medjoul Dates 500 Gms,WET DATES MEDJOUL BULK LARGE (5),370.8,
F-53,dates,-11397.8,ADJ-OUT (BOM),CF53/2627/00154,2026-04-25,King Solomon Medjoul Dates 500 Gms,WET DATES MEDJOUL BULK LARGE (5),370.8,
F-53,dates,-11397.8,XFR-OUT,TRANS202604071714,2026-04-07,AL BARAKAH DATE SYRUP(1.15KG X 12),F53→W202 [Received],12.0,
F-53,dates,-11397.8,XFR-OUT,TRANS202604071714,2026-04-07,AL BARAKAH DATE SYRUP(1.15KG X 12),F53→W202 [Received],12.0,
F-53,dates,-11397.8,XFR-OUT,TRANS202604151454,2026-04-15,WET DATES SEEDLESS KHALAS,F53→W202 [Received],10.0,
F-53,dates,-11397.8,XFR-OUT,TRANS202605131648,2026-05-13,AL BARAKAH FARD DATES D 10KG,F53→W202 [Received],10.0,
F-53,dates,-11397.8,XFR-OUT,TRANS202605131648,2026-05-13,AL BARAKAH FARD DATES D 10KG,F53→W202 [Received],10.0,
F-53,dates,-11397.8,XFR-OUT,TRANS202605131648,2026-05-13,AL BARAKAH FARD DATES D 10KG,F53→W202 [Received],10.0,
F-53,dates,-11397.8,XFR-OUT,TRANS202605131648,2026-05-13,AL BARAKAH FARD DATES D 10KG,F53→W202 [Received],10.0,
F-53,dates,-11397.8,XFR-OUT,TRANS202605131648,2026-05-13,AL BARAKAH FARD DATES D 10KG,F53→W202 [Received],10.0,
F-53,dates,-11397.8,XFR-OUT,TRANS202605131703,2026-05-13,AL BARAKAH FARD DATES D 10KG,F53→W202 [Received],10.0,
F-53,dates,-11397.8,XFR-OUT,TRANS202605131703,2026-05-13,AL BARAKAH FARD DATES D 10KG,F53→W202 [Received],10.0,
F-53,dates,-11397.8,XFR-OUT,TRANS202605131703,2026-05-13,AL BARAKAH FARD DATES D 10KG,F53→W202 [Received],10.0,
F-53,dates,-11397.8,XFR-OUT,TRANS202605131703,2026-05-13,AL BARAKAH FARD DATES D 10KG,F53→W202 [Received],10.0,
F-53,dates,-11397.8,XFR-OUT,TRANS202605131705,2026-05-13,AL BARAKAH EMIRATES BLACK DATES 10KG,F53→W202 [Received],10.0,
F-53,dates,-11397.8,XFR-OUT,TRANS202605131705,2026-05-13,AL BARAKAH EMIRATES BLACK DATES 10KG,F53→W202 [Received],10.0,
F-53,dates,-11397.8,XFR-OUT,TRANS202604111645,2026-04-11,FARDH DATES,F53→W202 [Received],9.6,
A-185,trail mix,-7135.6,OUTWARD,CND/26-27/154,2026-04-09,Healthy Choice 5 in 1 Seeds Mix 200gm,,1250.0,
A-185,trail mix,-7135.6,OUTWARD,CND/26-27/636,2026-05-04,Healthy Choice 5 in 1 Seeds Mix 200gm,,1000.0,
A-185,trail mix,-7135.6,OUTWARD,CND/26-27/677,2026-05-06,Healthy Choice 5 in 1 Seeds Mix 200gm,,1000.0,
A-185,trail mix,-7135.6,OUTWARD,CND/26-27/814,2026-05-13,Healthy Choice 5 in 1 Seeds Mix 200gm,,1000.0,PDF:130526\D-Mart {814} [Not F
A-185,trail mix,-7135.6,OUTWARD,CND/26-27/882,2026-05-16,Healthy Choice 5 in 1 Seeds Mix 200gm,,1000.0,PDF:160526\D-Mart {882}.pdf
A-185,trail mix,-7135.6,OUTWARD,CND/26-27/610,2026-04-30,Healthy Choice 5 in 1 Seeds Mix 200gm,,800.0,
A-185,trail mix,-7135.6,OUTWARD,CND/26-27/658,2026-05-05,Healthy Choice 5 in 1 Seeds Mix 200gm,,700.0,
A-185,trail mix,-7135.6,OUTWARD,CND/26-27/317,2026-04-16,Healthy Choice 5 in 1 Seeds Mix 200gm,,600.0,
A-185,trail mix,-7135.6,OUTWARD,CND/26-27/419,2026-04-21,Healthy Choice 5 in 1 Seeds Mix 200gm,,600.0,
A-185,trail mix,-7135.6,OUTWARD,CND/26-27/473,2026-04-24,Healthy Choice 5 in 1 Seeds Mix 200gm,,600.0,
A-185,trail mix,-7135.6,OUTWARD,CND/26-27/808,2026-05-13,Healthy Choice 5 in 1 Seeds Mix 200gm,,600.0,PDF:130526\D-Mart {808}.pdf
A-185,trail mix,-7135.6,OUTWARD,CND/26-27/22,2026-04-03,Healthy Choice 5 in 1 Seeds Mix 200gm,,500.0,
A-185,trail mix,-7135.6,OUTWARD,CND/26-27/69,2026-04-06,Healthy Choice 5 in 1 Seeds Mix 200gm,,500.0,
A-185,trail mix,-7135.6,OUTWARD,CND/26-27/193,2026-04-11,Healthy Choice 5 in 1 Seeds Mix 200gm,,500.0,
A-185,trail mix,-7135.6,OUTWARD,CND/26-27/203,2026-04-11,Healthy Choice 5 in 1 Seeds Mix 200gm,,500.0,
W-202,cashew,-5185.4,OUTWARD,CND/26-27/626,2026-05-04,Cashew 240,,800.0,
W-202,cashew,-5185.4,OUTWARD,CND/26-27/96,2026-04-07,Pepper Cashew,,500.0,
W-202,cashew,-5185.4,OUTWARD,CND/26-27/96,2026-04-07,Peri Peri Cashew,,500.0,
W-202,cashew,-5185.4,OUTWARD,CND/26-27/366,2026-04-20,Cashew 240,,500.0,
W-202,cashew,-5185.4,OUTWARD,CND/26-27/394,2026-04-20,FABSTA CASHEW RS W320 200G,,345.6,
W-202,cashew,-5185.4,OUTWARD,CND/26-27/95,2026-04-07,FABSTA CASHEW RS W320 200G,,324.0,
W-202,cashew,-5185.4,OUTWARD,CND/26-27/427,2026-04-22,Masala Cashew,,300.0,
W-202,cashew,-5185.4,OUTWARD,CND/26-27/427,2026-04-22,Pepper Cashew,,300.0,
W-202,cashew,-5185.4,OUTWARD,CND/26-27/394,2026-04-20,FABSTA CASHEW RS W320 100G,,285.0,
W-202,cashew,-5185.4,OUTWARD,CND/26-27/607,2026-04-30,Fabsta Cashew W320 Roasted 200g (1468502),,266.4,
W-202,cashew,-5185.4,OUTWARD,CND/26-27/95,2026-04-07,FABSTA CASHEW RS W320 100G,,240.0,
W-202,cashew,-5185.4,OUTWARD,CND/26-27/777,2026-05-11,Roasted & Salted Cashew,,200.0,
W-202,cashew,-5185.4,OUTWARD,CND/26-27/427,2026-04-22,Cheese Cashew,,195.0,
W-202,cashew,-5185.4,OUTWARD,CND/26-27/124,2026-04-09,Pepper Cashew,,175.0,
W-202,cashew,-5185.4,OUTWARD,CND/26-27/33,2026-04-04,Masala Cashew,,150.0,
W-202,cashew,-5185.4,ADJ-OUT (BOM),CND/26-27/96,2026-04-07,Pepper Cashew,Cashew 320,470.0,
W-202,cashew,-5185.4,ADJ-OUT (BOM),CND/26-27/96,2026-04-07,Peri Peri Cashew,Cashew 320,470.0,
W-202,cashew,-5185.4,ADJ-OUT (BOM),CND/26-27/394,2026-04-20,FABSTA CASHEW RS W320 200G,Cashew 320,345.6,
W-202,cashew,-5185.4,ADJ-OUT (BOM),CND/26-27/95,2026-04-07,FABSTA CASHEW RS W320 200G,Cashew 320,324.0,
W-202,cashew,-5185.4,ADJ-OUT (BOM),CND/26-27/427,2026-04-22,Masala Cashew,Cashew 320,294.0,
W-202,cashew,-5185.4,ADJ-OUT (BOM),CND/26-27/394,2026-04-20,FABSTA CASHEW RS W320 100G,Cashew 320,285.0,
W-202,cashew,-5185.4,ADJ-OUT (BOM),CND/26-27/427,2026-04-22,Pepper Cashew,Cashew 320,282.0,
W-202,cashew,-5185.4,ADJ-OUT (BOM),CND/26-27/607,2026-04-30,Fabsta Cashew W320 Roasted 200g (1468502),Cashew 320,266.4,
W-202,cashew,-5185.4,ADJ-OUT (BOM),CND/26-27/95,2026-04-07,FABSTA CASHEW RS W320 100G,Cashew 320,240.0,
W-202,cashew,-5185.4,ADJ-OUT (BOM),CND/26-27/777,2026-05-11,Roasted & Salted Cashew,Cashew 210,196.2,
W-202,cashew,-5185.4,ADJ-OUT (BOM),CND/26-27/124,2026-04-09,Pepper Cashew,Cashew 320,164.5,
W-202,cashew,-5185.4,ADJ-OUT (BOM),CND/26-27/427,2026-04-22,Cheese Cashew,Cashew 320,152.1,
W-202,cashew,-5185.4,ADJ-OUT (BOM),CND/26-27/345,2026-04-18,Roasted & Salted Cashew,Cashew 210,147.2,
W-202,cashew,-5185.4,ADJ-OUT (BOM),CND/26-27/33,2026-04-04,Masala Cashew,Cashew 320,147.0,
W-202,cashew,-5185.4,ADJ-OUT (BOM),CND/26-27/653,2026-05-05,Masala Cashew,Cashew 320,147.0,
W-202,cashew,-5185.4,XFR-OUT,TRANS202604181328,2026-04-18,BLACK PEPPER CASHEW,W202→A185 [Received],30.0,
W-202,cashew,-5185.4,XFR-OUT,TRANS202604181328,2026-04-18,BLACK PEPPER CASHEW,W202→A185 [Received],30.0,
W-202,cashew,-5185.4,XFR-OUT,TRANS202604181328,2026-04-18,BLACK PEPPER CASHEW,W202→A185 [Received],30.0,
W-202,cashew,-5185.4,XFR-OUT,TRANS202604271838,2026-04-27,CASHEW 400,W202→A185 [Received],20.0,
W-202,cashew,-5185.4,XFR-OUT,TRANS202604271838,2026-04-27,CASHEW 400,W202→A185 [Received],20.0,
W-202,cashew,-5185.4,XFR-OUT,TRANS202604271838,2026-04-27,CASHEW 400,W202→A185 [Received],20.0,
W-202,cashew,-5185.4,XFR-OUT,TRANS202604271838,2026-04-27,CASHEW 400,W202→A185 [Received],20.0,
W-202,cashew,-5185.4,XFR-OUT,TRANS202604271838,2026-04-27,CASHEW 400,W202→A185 [Received],20.0,
W-202,cashew,-5185.4,XFR-OUT,TRANS202604181328,2026-04-18,BLACK PEPPER CASHEW,W202→A185 [Received],15.0,
W-202,cashew,-5185.4,XFR-OUT,TRANS202604161746,2026-04-16,FABSTA CASHEWNUT BROKEN 200G,W202→A185 [Received],10.0,
W-202,cashew,-5185.4,XFR-OUT,TRANS202604161746,2026-04-16,FABSTA CASHEWNUT BROKEN 200G,W202→A185 [Received],10.0,
W-202,cashew,-5185.4,XFR-OUT,TRANS202604161746,2026-04-16,FABSTA CASHEWNUT BROKEN 200G,W202→A185 [Received],10.0,
W-202,cashew,-5185.4,XFR-OUT,TRANS202604161746,2026-04-16,FABSTA CASHEWNUT BROKEN 200G,W202→A185 [Received],10.0,
W-202,cashew,-5185.4,XFR-OUT,TRANS202604201302,2026-04-20,CASHEW TUKDA,W202→A185 [Received],10.0,
W-202,cashew,-5185.4,XFR-OUT,TRANS202604201302,2026-04-20,CASHEW TUKDA,W202→A185 [Received],10.0,
W-202,pista,-4858.7,OUTWARD,CND/26-27/751,2026-05-09,California Pista Inshell,,7670.0,
W-202,pista,-4858.7,OUTWARD,CND/26-27/176,2026-04-10,California Pista Inshell Roasted and Salted,,3500.0,
W-202,pista,-4858.7,OUTWARD,CND/26-27/553,2026-04-28,California Pista Inshell Roasted and Salted,,3000.0,
W-202,pista,-4858.7,OUTWARD,CND/26-27/606,2026-04-30,California Pista Inshell Roasted and Salted,,3000.0,
W-202,pista,-4858.7,OUTWARD,CND/26-27/694,2026-05-07,California Pista Inshell Roasted and Salted,,3000.0,
W-202,pista,-4858.7,OUTWARD,CND/26-27/395,2026-04-20,California Pista Inshell Roasted and Salted,,2500.0,
W-202,pista,-4858.7,OUTWARD,CND/26-27/850,2026-05-15,California Pista Inshell,,2500.0,PDF:150526\ALIGN [CFPL] {850} 
W-202,pista,-4858.7,OUTWARD,CND/26-27/18,2026-04-03,California Pista Inshell Roasted and Salted,,2000.0,
W-202,pista,-4858.7,OUTWARD,CND/26-27/358,2026-04-18,California Pista Inshell Roasted and Salted,,2000.0,
W-202,pista,-4858.7,OUTWARD,CND/26-27/431,2026-04-22,California Pista Inshell Roasted and Salted,,2000.0,
W-202,pista,-4858.7,OUTWARD,CND/26-27/353,2026-04-18,California Pista Inshell Roasted and Salted,,1610.0,
W-202,pista,-4858.7,OUTWARD,CND/26-27/140,2026-04-09,Pista Irani 101 Inshell Roasted and salted,,1500.0,
W-202,pista,-4858.7,OUTWARD,CND/26-27/199,2026-04-11,Pista Irani 101 Inshell Roasted and salted,,1500.0,
W-202,pista,-4858.7,OUTWARD,CND/26-27/314,2026-04-16,Pista Irani 101 Inshell Roasted and salted,,1500.0,
W-202,pista,-4858.7,OUTWARD,CND/26-27/429,2026-04-22,Pista Irani 101 Inshell Roasted and salted,,1500.0,
W-202,pista,-4858.7,ADJ-OUT (BOM),CND/26-27/176,2026-04-10,California Pista Inshell Roasted and Salted,California Pista Inshell,3535.0,
W-202,pista,-4858.7,ADJ-OUT (BOM),CND/26-27/553,2026-04-28,California Pista Inshell Roasted and Salted,California Pista Inshell,3030.0,
W-202,pista,-4858.7,ADJ-OUT (BOM),CND/26-27/606,2026-04-30,California Pista Inshell Roasted and Salted,California Pista Inshell,3030.0,
W-202,pista,-4858.7,ADJ-OUT (BOM),CND/26-27/694,2026-05-07,California Pista Inshell Roasted and Salted,California Pista Inshell,3030.0,
W-202,pista,-4858.7,ADJ-OUT (BOM),CND/26-27/395,2026-04-20,California Pista Inshell Roasted and Salted,California Pista Inshell,2525.0,
W-202,pista,-4858.7,ADJ-OUT (BOM),CND/26-27/18,2026-04-03,California Pista Inshell Roasted and Salted,California Pista Inshell,2020.0,
W-202,pista,-4858.7,ADJ-OUT (BOM),CND/26-27/358,2026-04-18,California Pista Inshell Roasted and Salted,California Pista Inshell,2020.0,
W-202,pista,-4858.7,ADJ-OUT (BOM),CND/26-27/431,2026-04-22,California Pista Inshell Roasted and Salted,California Pista Inshell,2020.0,
W-202,pista,-4858.7,ADJ-OUT (BOM),CND/26-27/353,2026-04-18,California Pista Inshell Roasted and Salted,California Pista Inshell,1626.1,
W-202,pista,-4858.7,ADJ-OUT (BOM),CND/26-27/140,2026-04-09,Pista Irani 101 Inshell Roasted and salted,Pista Irani 101 Inshell,1515.0,
W-202,pista,-4858.7,ADJ-OUT (BOM),CND/26-27/199,2026-04-11,Pista Irani 101 Inshell Roasted and salted,Pista Irani 101 Inshell,1515.0,
W-202,pista,-4858.7,ADJ-OUT (BOM),CND/26-27/314,2026-04-16,Pista Irani 101 Inshell Roasted and salted,Pista Irani 101 Inshell,1515.0,
W-202,pista,-4858.7,ADJ-OUT (BOM),CND/26-27/429,2026-04-22,Pista Irani 101 Inshell Roasted and salted,Pista Irani 101 Inshell,1515.0,
W-202,pista,-4858.7,ADJ-OUT (BOM),CND/26-27/471,2026-04-24,Pista Irani 101 Inshell Roasted and salted,Pista Irani 101 Inshell,1515.0,
W-202,pista,-4858.7,ADJ-OUT (BOM),CND/26-27/334,2026-04-17,Pista Irani 101 Inshell Roasted and salted,Pista Irani 101 Inshell,1434.2,
W-202,pista,-4858.7,XFR-OUT,TRANS202605051418,2026-05-05,PISTA IRANI 101 INSHELL,W202→A185 [Received],50.0,
W-202,pista,-4858.7,XFR-OUT,TRANS202605051418,2026-05-05,PISTA IRANI 101 INSHELL,W202→A185 [Received],50.0,
W-202,pista,-4858.7,XFR-OUT,TRANS202605051418,2026-05-05,PISTA IRANI 101 INSHELL,W202→A185 [Received],50.0,
W-202,pista,-4858.7,XFR-OUT,TRANS202605051418,2026-05-05,PISTA IRANI 101 INSHELL,W202→A185 [Received],50.0,
W-202,pista,-4858.7,XFR-OUT,TRANS202605051418,2026-05-05,PISTA IRANI 101 INSHELL,W202→A185 [Received],50.0,
W-202,pista,-4858.7,XFR-OUT,TRANS202605051418,2026-05-05,PISTA IRANI 101 INSHELL,W202→A185 [Received],50.0,
W-202,pista,-4858.7,XFR-OUT,TRANS202605051418,2026-05-05,PISTA IRANI 101 INSHELL,W202→A185 [Received],50.0,
W-202,pista,-4858.7,XFR-OUT,TRANS202605051418,2026-05-05,PISTA IRANI 101 INSHELL,W202→A185 [Received],50.0,
W-202,pista,-4858.7,XFR-OUT,TRANS202605051418,2026-05-05,PISTA IRANI 101 INSHELL,W202→A185 [Received],50.0,
W-202,pista,-4858.7,XFR-OUT,TRANS202605051418,2026-05-05,PISTA IRANI 101 INSHELL,W202→A185 [Received],50.0,
W-202,pista,-4858.7,XFR-OUT,TRANS202605051418,2026-05-05,PISTA IRANI 101 INSHELL,W202→A185 [Received],50.0,
W-202,pista,-4858.7,XFR-OUT,TRANS202605051418,2026-05-05,PISTA IRANI 101 INSHELL,W202→A185 [Received],50.0,
W-202,pista,-4858.7,XFR-OUT,TRANS202605051418,2026-05-05,PISTA IRANI 101 INSHELL,W202→A185 [Received],50.0,
W-202,pista,-4858.7,XFR-OUT,TRANS202605051418,2026-05-05,PISTA IRANI 101 INSHELL,W202→A185 [Received],50.0,
W-202,pista,-4858.7,XFR-OUT,TRANS202605051418,2026-05-05,PISTA IRANI 101 INSHELL,W202→A185 [Received],50.0,
W-202,peanuts,-1997.0,OUTWARD,CND/26-27/260,2026-04-13,Greendot Coated Peanuts,,600.0,
W-202,peanuts,-1997.0,OUTWARD,CND/26-27/791,2026-05-12,Greendot Coated Peanuts,,500.0,
W-202,peanuts,-1997.0,OUTWARD,CND/26-27/455,2026-04-23,Smokey BBQ Coated Peanuts 200g,,388.8,
W-202,peanuts,-1997.0,OUTWARD,CND/26-27/455,2026-04-23,Chipotle Honey Coated Peanuts 200g,,369.6,
W-202,peanuts,-1997.0,OUTWARD,CND/26-27/363,2026-04-18,Alpino Peanut Crackers Smokey BBQ 60g,,323.3,
W-202,peanuts,-1997.0,OUTWARD,CND/26-27/363,2026-04-18,Alpino Peanut Crackers Chipotle Honey 60g,,316.8,
W-202,peanuts,-1997.0,OUTWARD,CND/26-27/562,2026-04-29,Greendot Coated Peanuts,,300.0,
W-202,peanuts,-1997.0,OUTWARD,CND/26-27/627,2026-05-04,Alpino Peanut Crackers Chipotle Honey 60g,,257.8,
W-202,peanuts,-1997.0,OUTWARD,CND/26-27/627,2026-05-04,Alpino Peanut Crackers Smokey BBQ 60g,,244.8,
W-202,peanuts,-1997.0,OUTWARD,CND/26-27/399,2026-04-21,Kracknut Coated Peanuts-Pudhina Patakha 1kg,,170.0,
W-202,peanuts,-1997.0,OUTWARD,CND/26-27/399,2026-04-21,Krack Nut Coated Peanuts Tandoori Toofan 1 Kg,,160.0,
W-202,peanuts,-1997.0,OUTWARD,CND/26-27/56,2026-04-06,Krack Nut Coated Peanuts Tandoori Toofan 1 Kg,,100.0,
W-202,peanuts,-1997.0,OUTWARD,CND/26-27/733,2026-05-09,Krack Nut Coated Peanuts Tandoori Toofan 1 Kg,,100.0,
W-202,peanuts,-1997.0,OUTWARD,CND/26-27/863,2026-05-16,Krack Nut Coated Peanuts Tandoori Toofan,,100.0,PDF:160526\HOH [CFPL] {PO00146
W-202,peanuts,-1997.0,OUTWARD,CND/26-27/863,2026-05-16,Kracknut Coated Peanuts -Pudhina Patakha 1kg,,100.0,PDF:160526\HOH [CFPL] {PO00146
W-202,peanuts,-1997.0,ADJ-OUT (BOM),CND/26-27/260,2026-04-13,Greendot Coated Peanuts,Peanuts,312.0,
W-202,peanuts,-1997.0,ADJ-OUT (BOM),CND/26-27/791,2026-05-12,Greendot Coated Peanuts,Peanuts,260.0,
W-202,peanuts,-1997.0,ADJ-OUT (BOM),CND/26-27/455,2026-04-23,Chipotle Honey Coated Peanuts 200g,Peanuts,207.0,
W-202,peanuts,-1997.0,ADJ-OUT (BOM),CND/26-27/455,2026-04-23,Smokey BBQ Coated Peanuts 200g,Peanuts,184.7,
W-202,peanuts,-1997.0,ADJ-OUT (BOM),CND/26-27/363,2026-04-18,Alpino Peanut Crackers Chipotle Honey 60g,Peanuts,174.2,
W-202,peanuts,-1997.0,ADJ-OUT (BOM),CND/26-27/562,2026-04-29,Greendot Coated Peanuts,Peanuts,156.0,
W-202,peanuts,-1997.0,ADJ-OUT (BOM),CND/26-27/363,2026-04-18,Alpino Peanut Crackers Smokey BBQ 60g,Peanuts,145.2,
W-202,peanuts,-1997.0,ADJ-OUT (BOM),CND/26-27/627,2026-05-04,Alpino Peanut Crackers Chipotle Honey 60g,Peanuts,141.8,
W-202,peanuts,-1997.0,ADJ-OUT (BOM),CND/26-27/627,2026-05-04,Alpino Peanut Crackers Smokey BBQ 60g,Peanuts,109.9,
W-202,peanuts,-1997.0,ADJ-OUT (BOM),CND/26-27/399,2026-04-21,Kracknut Coated Peanuts-Pudhina Patakha 1kg,Peanuts,79.9,
W-202,peanuts,-1997.0,ADJ-OUT (BOM),CND/26-27/399,2026-04-21,Krack Nut Coated Peanuts Tandoori Toofan 1 Kg,Peanuts,75.2,
W-202,peanuts,-1997.0,ADJ-OUT (BOM),CND/26-27/779,2026-05-11,Dryfruit Instant Energy Laddubar Bites 9gm,Blanched white Peanut Kernels,50.2,
W-202,peanuts,-1997.0,ADJ-OUT (BOM),CND/26-27/56,2026-04-06,Krack Nut Coated Peanuts Tandoori Toofan 1 Kg,Peanuts,47.0,
W-202,peanuts,-1997.0,ADJ-OUT (BOM),CND/26-27/733,2026-05-09,Krack Nut Coated Peanuts Tandoori Toofan 1 Kg,Peanuts,47.0,
W-202,peanuts,-1997.0,ADJ-OUT (BOM),CND/26-27/654,2026-05-05,Dryfruit Instant Energy Laddubar Bites 9gm,Blanched white Peanut Kernels,24.5,
W-202,trail mix,-1851.7,OUTWARD,CND/26-27/259,2026-04-13,Dark Chocolate Coated Almond Stuffed Khalas Single,,1092.2,
W-202,trail mix,-1851.7,OUTWARD,CND/26-27/598,2026-04-30,Dark Chocolate Coated Almond Stuffed Khalas Single,,1000.0,
W-202,trail mix,-1851.7,OUTWARD,CND/26-27/598,2026-04-30,Dark Chocolate Coated Cashew Stuffed Khalas Single,,1000.0,
W-202,trail mix,-1851.7,OUTWARD,CND/26-27/259,2026-04-13,Dark Chocolate Coated Cashew Stuffed Khalas Single,,975.2,
W-202,trail mix,-1851.7,OUTWARD,CND/26-27/790,2026-05-12,Dark Chocolate Coated Almond Stuffed Khalas Single,,875.0,
W-202,trail mix,-1851.7,OUTWARD,CND/26-27/308,2026-04-16,Dark Chocolate Coated Almond Stuffed Khalas Single,,575.0,
W-202,trail mix,-1851.7,OUTWARD,CND/26-27/308,2026-04-16,Dark Chocolate Coated Cashew Stuffed Khalas Single,,575.0,
W-202,trail mix,-1851.7,OUTWARD,CND/26-27/178,2026-04-11,Daily Mewa Healthy Mix,,500.0,
W-202,trail mix,-1851.7,OUTWARD,CND/26-27/550,2026-04-28,Daily Mewa Healthy Mix,,500.0,
W-202,trail mix,-1851.7,OUTWARD,CND/26-27/649,2026-05-05,Dark Chocolate Coated Almond Stuffed Khalas Single,,500.0,
W-202,trail mix,-1851.7,OUTWARD,CND/26-27/649,2026-05-05,Dark Chocolate Coated Cashew Stuffed Khalas Single,,500.0,
W-202,trail mix,-1851.7,OUTWARD,CND/26-27/741,2026-05-09,Dark Chocolate Coated Almond Stuffed Khalas Single,,500.0,
W-202,trail mix,-1851.7,OUTWARD,CND/26-27/741,2026-05-09,Dark Chocolate Coated Cashew Stuffed Khalas Single,,500.0,
W-202,trail mix,-1851.7,OUTWARD,CND/26-27/787,2026-05-12,Daily Mewa Healthy Mix,,500.0,
W-202,trail mix,-1851.7,OUTWARD,CND/26-27/795,2026-05-13,Dark Chocolate Coated Almond Stuffed Khalas Single,,500.0,PDF:130526\Mie Foods [CFPL] {7
W-202,trail mix,-1851.7,ADJ-OUT (BOM),CND/26-27/31,2026-04-04,NB MILLENNIUM NUT MIX LOOSE,Millennium Nut Mix,3.0,
W-202,trail mix,-1851.7,ADJ-OUT (BOM),CND/26-27/401,2026-04-21,NB MILLENNIUM NUT MIX LOOSE,Millennium Nut Mix,2.0,
W-202,trail mix,-1851.7,ADJ-OUT (BOM),CND/26-27/167,2026-04-10,NB MILLENNIUM NUT MIX LOOSE,Millennium Nut Mix,1.0,
W-202,trail mix,-1851.7,ADJ-OUT (BOM),CND/26-27/662,2026-05-05,NB MILLENNIUM NUT MIX LOOSE,Millennium Nut Mix,1.0,
W-202,trail mix,-1851.7,ADJ-OUT (BOM),CND/26-27/724,2026-05-08,NB MILLENNIUM NUT MIX LOOSE,Millennium Nut Mix,1.0,
W-202,almond,-311.8,OUTWARD,CND/26-27/29,2026-04-04,California Inshell Almonds,,20412.0,
W-202,almond,-311.8,OUTWARD,CND/26-27/749,2026-05-09,Independence Almonds,,5010.0,
W-202,almond,-311.8,OUTWARD,CND/26-27/706,2026-05-07,Independence Almonds,,4500.0,
W-202,almond,-311.8,OUTWARD,CND/26-27/792,2026-05-12,Independence Almonds,,1650.0,
W-202,almond,-311.8,OUTWARD,CND/26-27/404,2026-04-21,"Almond Blanched, whole",,1000.0,
W-202,almond,-311.8,OUTWARD,CND/26-27/93,2026-04-07,"Almond Blanched, whole",,500.0,
W-202,almond,-311.8,OUTWARD,CND/26-27/295,2026-04-15,"Almond Blanched, whole",,500.0,
W-202,almond,-311.8,OUTWARD,CND/26-27/49,2026-04-06,Natures American Almonds 1 KG (1416275),,400.0,
W-202,almond,-311.8,OUTWARD,CND/26-27/864,2026-05-16,Almond Sliced,,258.0,PDF:160526\Ajfan [CFPL] {864} 
W-202,almond,-311.8,OUTWARD,CND/26-27/332,2026-04-17,Almond Sliced,,252.0,
W-202,almond,-311.8,OUTWARD,CND/26-27/563,2026-04-29,Almond Sliced,,252.0,
W-202,almond,-311.8,OUTWARD,CND/26-27/34,2026-04-04,Roasted & Salted Almonds,,250.0,
W-202,almond,-311.8,OUTWARD,CND/26-27/607,2026-04-30,Fabsta Almond Roasted 200g (1468499),,223.2,
W-202,almond,-311.8,OUTWARD,CND/26-27/807,2026-05-13,Natures American Almonds 1 KG (1416275),,215.0,PDF:130526\Natures [CFPL] {807
W-202,almond,-311.8,OUTWARD,CND/26-27/744,2026-05-09,Almond Sliced,,204.0,
W-202,almond,-311.8,ADJ-OUT (BOM),CND/26-27/49,2026-04-06,Natures American Almonds 1 KG (1416275),American Almonds (23-25 Count),404.0,
W-202,almond,-311.8,ADJ-OUT (BOM),CND/26-27/34,2026-04-04,Roasted & Salted Almonds,American Almonds Running 25-27 count,252.5,
W-202,almond,-311.8,ADJ-OUT (BOM),CND/26-27/607,2026-04-30,Fabsta Almond Roasted 200g (1468499),American Almonds Running 25-27 count,223.2,
W-202,almond,-311.8,ADJ-OUT (BOM),CND/26-27/408,2026-04-21,Roasted & Salted Almonds,American Almonds Running 25-27 count,202.0,
W-202,almond,-311.8,ADJ-OUT (BOM),CND/26-27/409,2026-04-21,Roasted & Salted Almonds,American Almonds Running 25-27 count,202.0,
W-202,almond,-311.8,ADJ-OUT (BOM),CND/26-27/778,2026-05-11,Roasted & Salted Almonds,American Almonds Running 25-27 count,202.0,
W-202,almond,-311.8,ADJ-OUT (BOM),CND/26-27/27,2026-04-04,Natures American Almonds 1 KG (1416275),American Almonds (23-25 Count),121.2,
W-202,almond,-311.8,ADJ-OUT (BOM),CND/26-27/110,2026-04-08,CCD Energy Bar with Jaggery,American Almonds Tukda,120.3,
W-202,almond,-311.8,ADJ-OUT (BOM),CND/26-27/216,2026-04-13,Roasted & Salted Almonds,American Almonds Running 25-27 count,101.0,
W-202,almond,-311.8,ADJ-OUT (BOM),CND/26-27/785,2026-05-12,Roasted & Salted Almonds,American Almonds Running 25-27 count,101.0,
W-202,almond,-311.8,ADJ-OUT (BOM),CND/26-27/376,2026-04-20,Fabsta Almond Roasted 200g (1468499),American Almonds Running 25-27 count,100.8,
W-202,almond,-311.8,ADJ-OUT (BOM),CND/26-27/393,2026-04-20,Fabsta Almond Roasted 200g (1468499),American Almonds Running 25-27 count,100.8,
W-202,almond,-311.8,ADJ-OUT (BOM),CND/26-27/598,2026-04-30,Dark Chocolate Coated Almond Stuffed Khalas Single,American Almonds Running 25-27 count,100.0,
W-202,almond,-311.8,ADJ-OUT (BOM),CND/26-27/779,2026-05-11,Dryfruit Instant Energy Laddubar Bites 9gm,American Almonds Tukda,99.0,
W-202,almond,-311.8,ADJ-OUT (BOM),CND/26-27/650,2026-05-05,FNP Almonds 26-29 - Salted & Roasted 50 gm,American Almonds Running 25-27 count,98.0,
W-202,almond,-311.8,XFR-OUT,TRANS202604081532,2026-04-08,ALMOND KERNEL,W202→F53 [Received],30.0,
W-202,almond,-311.8,XFR-OUT,TRANS202604081532,2026-04-08,ALMOND KERNEL,W202→F53 [Received],30.0,
W-202,almond,-311.8,XFR-OUT,TRANS202604081532,2026-04-08,ALMOND KERNEL,W202→F53 [Received],30.0,
W-202,almond,-311.8,XFR-OUT,TRANS202604081532,2026-04-08,ALMOND KERNEL,W202→F53 [Received],30.0,
W-202,almond,-311.8,XFR-OUT,TRANS202604081532,2026-04-08,ALMOND KERNEL,W202→F53 [Received],30.0,
W-202,almond,-311.8,XFR-OUT,TRANS202604081532,2026-04-08,ALMOND KERNEL,W202→F53 [Received],30.0,
W-202,almond,-311.8,XFR-OUT,TRANS202604081532,2026-04-08,ALMOND KERNEL,W202→F53 [Received],30.0,
W-202,almond,-311.8,XFR-OUT,TRANS202604081532,2026-04-08,ALMOND KERNEL,W202→F53 [Received],30.0,
W-202,almond,-311.8,XFR-OUT,TRANS202604081532,2026-04-08,ALMOND KERNEL,W202→F53 [Received],30.0,
W-202,almond,-311.8,XFR-OUT,TRANS202604231338,2026-04-23,AMERICAN ALMONDS RUNNING 25-27 COUNT,W202→F53 [Received],30.0,
W-202,almond,-311.8,XFR-OUT,TRANS202604231338,2026-04-23,AMERICAN ALMONDS RUNNING 25-27 COUNT,W202→F53 [Received],30.0,
W-202,almond,-311.8,XFR-OUT,TRANS202604231338,2026-04-23,AMERICAN ALMONDS RUNNING 25-27 COUNT,W202→F53 [Received],30.0,
W-202,almond,-311.8,XFR-OUT,TRANS202604231338,2026-04-23,AMERICAN ALMONDS RUNNING 25-27 COUNT,W202→F53 [Received],30.0,
W-202,almond,-311.8,XFR-OUT,TRANS202604231338,2026-04-23,AMERICAN ALMONDS RUNNING 25-27 COUNT,W202→F53 [Received],30.0,
W-202,almond,-311.8,XFR-OUT,TRANS202604231338,2026-04-23,AMERICAN ALMONDS RUNNING 25-27 COUNT,W202→F53 [Received],30.0,
W-202,festive hampers,-60.0,OUTWARD,CND/26-27/874,2026-05-16,Amazon Brand - Vedaka Premium Dry Fruits Combo 400 gm Gift Box ( B0BBDJMLYR ),,36.0,PDF:160526\RK [ISK3] {7NLKT9ZB
W-202,festive hampers,-60.0,OUTWARD,CND/26-27/874,2026-05-16,Vedaka Premium Dry Fruits Combo 1000 gm Gift Box ( B0BBDP8GR2 ),,24.0,PDF:160526\RK [ISK3] {7NLKT9ZB
W-202,festive hampers,-60.0,OUTWARD,CND/26-27/311,2026-04-16,Vedaka Premium Flavored Dry Fruits 500 gm Gift Box (B0CGVC7DF2),,11.0,
W-202,festive hampers,-60.0,OUTWARD,CND/26-27/310,2026-04-16,Amazon Brand - Vedaka Premium Dry Fruits Combo 400 gm Gift Box ( B0BBDJMLYR ),,4.0,
W-202,tajir,-52.3,ADJ-OUT (BOM),CND/26-27/260,2026-04-13,Greendot Coated Peanuts,Maize Starch,42.0,
W-202,tajir,-52.3,ADJ-OUT (BOM),CND/26-27/791,2026-05-12,Greendot Coated Peanuts,Maize Starch,35.0,
W-202,tajir,-52.3,ADJ-OUT (BOM),CND/26-27/562,2026-04-29,Greendot Coated Peanuts,Maize Starch,21.0,
W-202,tajir,-52.3,ADJ-OUT (BOM),CND/26-27/455,2026-04-23,Chipotle Honey Coated Peanuts 200g,Maize Starch,18.5,
W-202,tajir,-52.3,ADJ-OUT (BOM),CND/26-27/455,2026-04-23,Smokey BBQ Coated Peanuts 200g,Maize Starch,17.5,
W-202,tajir,-52.3,ADJ-OUT (BOM),CND/26-27/363,2026-04-18,Alpino Peanut Crackers Chipotle Honey 60g,Maize Starch,14.9,
W-202,tajir,-52.3,ADJ-OUT (BOM),CND/26-27/363,2026-04-18,Alpino Peanut Crackers Smokey BBQ 60g,Maize Starch,13.6,
W-202,tajir,-52.3,ADJ-OUT (BOM),CND/26-27/627,2026-05-04,Alpino Peanut Crackers Chipotle Honey 60g,Maize Starch,12.1,
W-202,tajir,-52.3,ADJ-OUT (BOM),CND/26-27/627,2026-05-04,Alpino Peanut Crackers Smokey BBQ 60g,Maize Starch,10.3,
W-202,tajir,-52.3,ADJ-OUT (BOM),CND/26-27/399,2026-04-21,Kracknut Coated Peanuts-Pudhina Patakha 1kg,Maize Starch,6.8,
W-202,tajir,-52.3,ADJ-OUT (BOM),CND/26-27/399,2026-04-21,Krack Nut Coated Peanuts Tandoori Toofan 1 Kg,Maize Starch,6.4,
W-202,tajir,-52.3,ADJ-OUT (BOM),CND/26-27/56,2026-04-06,Krack Nut Coated Peanuts Tandoori Toofan 1 Kg,Maize Starch,4.0,
W-202,tajir,-52.3,ADJ-OUT (BOM),CND/26-27/733,2026-05-09,Krack Nut Coated Peanuts Tandoori Toofan 1 Kg,Maize Starch,4.0,
W-202,tajir,-52.3,ADJ-OUT (BOM),CND/26-27/661,2026-05-05,Coated Peanuts,Maize Starch,1.5,
W-202,tajir,-52.3,ADJ-OUT (BOM),CND/26-27/680,2026-05-06,Coconut Laddubar Mini 9g,Wheat Aata (Wheat Flour)- TPL - 5%,0.4,
SAVLA,blueberry,-36.3,XFR-OUT,TRANS202605041327,2026-05-04,DRIED BLUEBERRY,Cold Storage→W202 [Received],4.5,
SAVLA,blueberry,-36.3,XFR-OUT,TRANS202605041327,2026-05-04,DRIED BLUEBERRY,Cold Storage→W202 [Received],4.5,
SAVLA,blueberry,-36.3,XFR-OUT,TRANS202605041327,2026-05-04,DRIED BLUEBERRY,Cold Storage→W202 [Received],4.5,
SAVLA,blueberry,-36.3,XFR-OUT,TRANS202605041327,2026-05-04,DRIED BLUEBERRY,Cold Storage→W202 [Received],4.5,
SAVLA,blueberry,-36.3,XFR-OUT,TRANS202605041327,2026-05-04,DRIED BLUEBERRY,Cold Storage→W202 [Received],4.5,
SAVLA,blueberry,-36.3,XFR-OUT,TRANS202605041327,2026-05-04,DRIED BLUEBERRY,Cold Storage→W202 [Received],4.5,
SAVLA,blueberry,-36.3,XFR-OUT,TRANS202605041327,2026-05-04,DRIED BLUEBERRY,Cold Storage→W202 [Received],4.5,
SAVLA,blueberry,-36.3,XFR-OUT,TRANS202605041327,2026-05-04,DRIED BLUEBERRY,Cold Storage→W202 [Received],4.5,
SAVLA,blueberry,-36.3,XFR-OUT,TRANS202605041327,2026-05-04,DRIED BLUEBERRY,Cold Storage→W202 [Received],4.5,
SAVLA,blueberry,-36.3,XFR-OUT,TRANS202605041327,2026-05-04,DRIED BLUEBERRY,Cold Storage→W202 [Received],4.5,
SAVLA,blueberry,-36.3,XFR-OUT,TRANS202605041327,2026-05-04,DRIED BLUEBERRY,Cold Storage→W202 [Received],4.5,
SAVLA,blueberry,-36.3,XFR-OUT,TRANS202605041327,2026-05-04,DRIED BLUEBERRY,Cold Storage→W202 [Received],4.5,
SAVLA,blueberry,-36.3,XFR-OUT,TRANS202605041327,2026-05-04,DRIED BLUEBERRY,Cold Storage→W202 [Received],4.5,
SAVLA,blueberry,-36.3,XFR-OUT,TRANS202605041327,2026-05-04,DRIED BLUEBERRY,Cold Storage→W202 [Received],4.5,
SAVLA,blueberry,-36.3,XFR-OUT,TRANS202605041327,2026-05-04,DRIED BLUEBERRY,Cold Storage→W202 [Received],4.5,
W-202,blackcurrant,-24.9,OUTWARD,CND/26-27/8,2026-04-02,BBroyal Black Current 100g,,7.0,
W-202,blackcurrant,-24.9,OUTWARD,CND/26-27/9,2026-04-02,BBroyal Black Current 100g,,7.0,
W-202,blackcurrant,-24.9,OUTWARD,CND/26-27/182,2026-04-11,BBroyal Black Current 100g,,5.0,
W-202,blackcurrant,-24.9,OUTWARD,CND/26-27/183,2026-04-11,BBroyal Black Current 100g,,4.0,
W-202,blackcurrant,-24.9,OUTWARD,CND/26-27/25,2026-04-04,BBroyal Black Current 100g,,3.0,
W-202,blackcurrant,-24.9,OUTWARD,CND/26-27/167,2026-04-10,NB BLACKCURRANT DRIED LOOSE,,3.0,
W-202,blackcurrant,-24.9,OUTWARD,CND/26-27/184,2026-04-11,BBroyal Black Current 100g,,2.0,
W-202,blackcurrant,-24.9,OUTWARD,CND/26-27/725,2026-05-08,NB BLACKCURRANT DRIED LOOSE,,2.0,
W-202,blackcurrant,-24.9,OUTWARD,CND/26-27/879,2026-05-16,NB BLACKCURRANT,,2.0,PDF:160526\Natures [CFPL] {879
W-202,blackcurrant,-24.9,OUTWARD,CND/26-27/26,2026-04-04,BBroyal Black Current 100g,,1.0,
W-202,blackcurrant,-24.9,OUTWARD,CND/26-27/30,2026-04-04,NB BLACKCURRANT DRIED LOOSE,,1.0,
W-202,blackcurrant,-24.9,OUTWARD,CND/26-27/401,2026-04-21,NB BLACKCURRANT DRIED LOOSE,,1.0,
W-202,blackcurrant,-24.9,OUTWARD,CND/26-27/724,2026-05-08,NB BLACKCURRANT DRIED LOOSE,,1.0,
W-202,blackcurrant,-24.9,ADJ-OUT (BOM),CND/26-27/525,2026-04-27,Booster Berries 33gm,GREEK DARK SEEDLESS RAISINS (Black Currant),16.5,
W-202,blackcurrant,-24.9,ADJ-OUT (BOM),CND/26-27/525,2026-04-27,Antioxidant Mix 33gm,Dried Black Currant,12.4,
W-202,blackcurrant,-24.9,ADJ-OUT (BOM),CND/26-27/8,2026-04-02,BBroyal Black Current 100g,GREEK DARK SEEDLESS RAISINS (Black Currant),7.1,
W-202,blackcurrant,-24.9,ADJ-OUT (BOM),CND/26-27/9,2026-04-02,BBroyal Black Current 100g,GREEK DARK SEEDLESS RAISINS (Black Currant),7.1,
W-202,blackcurrant,-24.9,ADJ-OUT (BOM),CND/26-27/182,2026-04-11,BBroyal Black Current 100g,GREEK DARK SEEDLESS RAISINS (Black Currant),5.1,
W-202,blackcurrant,-24.9,ADJ-OUT (BOM),CND/26-27/183,2026-04-11,BBroyal Black Current 100g,GREEK DARK SEEDLESS RAISINS (Black Currant),4.1,
W-202,blackcurrant,-24.9,ADJ-OUT (BOM),CND/26-27/25,2026-04-04,BBroyal Black Current 100g,GREEK DARK SEEDLESS RAISINS (Black Currant),3.1,
W-202,blackcurrant,-24.9,ADJ-OUT (BOM),CND/26-27/167,2026-04-10,NB BLACKCURRANT DRIED LOOSE,GREEK DARK SEEDLESS RAISINS (Black Currant),3.1,
W-202,blackcurrant,-24.9,ADJ-OUT (BOM),CND/26-27/184,2026-04-11,BBroyal Black Current 100g,GREEK DARK SEEDLESS RAISINS (Black Currant),2.0,
W-202,blackcurrant,-24.9,ADJ-OUT (BOM),CND/26-27/725,2026-05-08,NB BLACKCURRANT DRIED LOOSE,GREEK DARK SEEDLESS RAISINS (Black Currant),2.0,
W-202,blackcurrant,-24.9,ADJ-OUT (BOM),CND/26-27/230,2026-04-13,Tasties Trail Mix - Mixed Berries 75 g,GREEK DARK SEEDLESS RAISINS (Black Currant),1.4,
W-202,blackcurrant,-24.9,ADJ-OUT (BOM),CND/26-27/256,2026-04-13,Tasties Trail Mix - Mixed Berries 75 g,GREEK DARK SEEDLESS RAISINS (Black Currant),1.4,
W-202,blackcurrant,-24.9,ADJ-OUT (BOM),CND/26-27/235,2026-04-13,Tasties Trail Mix - Mixed Berries 75 g,GREEK DARK SEEDLESS RAISINS (Black Currant),1.1,
W-202,blackcurrant,-24.9,ADJ-OUT (BOM),CND/26-27/241,2026-04-13,Tasties Trail Mix - Mixed Berries 75 g,GREEK DARK SEEDLESS RAISINS (Black Currant),1.1,
W-202,blackcurrant,-24.9,ADJ-OUT (BOM),CND/26-27/246,2026-04-13,Tasties Trail Mix - Mixed Berries 75 g,GREEK DARK SEEDLESS RAISINS (Black Currant),1.1,
W-202,blackcurrant,-24.9,XFR-OUT,TRANS202605181634,2026-05-18,DRIED BLACK CURRANT,W202→A185 [Received],12.5,
W-202,blackcurrant,-24.9,XFR-OUT,TRANS202604211510,2026-04-21,HA BLACK CURRENT 250G (1340541),W202→F53 [Received],6.0,
