doc_type,doc_no,date,entity,unit,buyer,product,qty_kg,hsn,amount,source_pdf,page
CN,CF/CN/26-27/1,2-Apr-26,CFPL,W-202,Reliance Retail Limited (Navi Mumbai),PL CLASSIC DATES 500G,16.0000,08041020,2328.00,CFPL_CN,1
CN,CF/CN/26-27/2,3-Apr-26,CFPL,W-202,Avenue Supermarts Limited (Andra Pradesh),Healthy Choice Roasted Sunflower Seeds 200 g Rate Differance Billing Rate 43.44/- Actual Rate 43..24/-,0.0000,20081920,247.50,CFPL_CN,2
CN,CF/CN/26-27/3,4-Apr-26,CFPL,W-202,Western India Cashew Co. Pvt. Ltd.,Chilean Walnut Kernel,9.5000,08023200,10744.50,CFPL_CN,4
CN,CF/CN/26-27/4,6-Apr-26,CFPL,W-202,ALIGN RETAIL TRADES PVT LTD,American Almonds,8.4000,08021200,6395.00,CFPL_CN,5
CN,CF/CN/26-27/5,7-Apr-26,CFPL,W-202,RELIANCE RETAIL LIMITED,PL TURKEY APRICOTS 200G,16.0000,08131000,18595.20,CFPL_CN,6
CN,CF/CN/26-27/6,11-Apr-26,CFPL,W-202,Reliance Retail Limited,NUTWORKS FINGER LIME & JALAPENO 75G PCH,5.4000,20081999,18100.80,CFPL_CN,8
CN,CF/CN/26-27/7,17-Apr-26,CFPL,W-202,Jagdish Trading Co,Processing & Packaging,0.0000,998816,3440.00,CFPL_CN,9
CN,CF/CN/26-27/8,13-Apr-26,CFPL,W-202,Nature’s Basket Limited (NW08),Natures American Almonds 1 KG (1416275),2.0000,08021200,1814.88,CFPL_CN,10
CN,CF/CN/26-27/9,17-Apr-26,CFPL,W-202,BAJO FOODS PRIVATE LIMITED,Peanut Spilit (Groundnut),30.0000,12023010,6750.00,CFPL_CN,11
CN,CF/CN/26-27/10,13-Apr-26,CFPL,W-202,Reliance Retail Limited (Navi Mumbai),AUSTRALIA MCADAMIA DARKCHOCOLTE 100G PCH,2.4000,20081999,9624.00,CFPL_CN,12
CN,CF/CN/26-27/10,13-Apr-26,CFPL,W-202,Reliance Retail Limited (Navi Mumbai),AUSTRALIA MACADAMIA HONEY ROAST 100G PCH,2.4000,20081999,8400.00,CFPL_CN,12
CN,CF/CN/26-27/10,13-Apr-26,CFPL,W-202,Reliance Retail Limited (Navi Mumbai),AUSTRALIA MACADAMIA SWEETCHILLI 100G PCH,2.4000,20081999,8400.00,CFPL_CN,12
CN,CF/CN/26-27/10,13-Apr-26,CFPL,W-202,Reliance Retail Limited (Navi Mumbai),AUSTRALIA MCDAMIA MILKCHOCOLATE 100G PCH,2.4000,20081999,9624.00,CFPL_CN,12
CN,CF/CN/26-27/10,13-Apr-26,CFPL,W-202,Reliance Retail Limited (Navi Mumbai),MACSNACK DRYRST MCADAMIAMUNCHIE 200G PCH,4.8000,20081930,13142.40,CFPL_CN,12
CN,CF/CN/26-27/10,13-Apr-26,CFPL,W-202,Reliance Retail Limited (Navi Mumbai),MACSNACK DRYRST MCADAMIAMUNCHIE 100G PCH,2.4000,20081930,7315.20,CFPL_CN,12
CN,CF/CN/26-27/10,13-Apr-26,CFPL,W-202,Reliance Retail Limited (Navi Mumbai),MACSNACK R&S MACADAMIA MUNCHIES 100G PCH,2.4000,20081930,7519.20,CFPL_CN,12
CN,CF/CN/26-27/11,13-Apr-26,CFPL,W-202,Reliance Retail Limited,NUTWORKS WASABI 75G PCH,1.8000,20081999,6033.60,CFPL_CN,15
CN,CF/CN/26-27/11,13-Apr-26,CFPL,W-202,Reliance Retail Limited,NUTWORKS ROSEMARY & SEASALT 75G PCH,1.8000,20081999,6033.60,CFPL_CN,15
CN,CF/CN/26-27/12,13-Apr-26,CFPL,W-202,ALIGN RETAIL TRADES PVT LTD,California Pista Inshell,2000.0000,20081930,2122560.00,CFPL_CN,17
CN,CF/CN/26-27/13,13-Apr-26,CFPL,W-202,ALIGN RETAIL TRADES PVT LTD,Pista Irani 101 Inshell,7.0000,20081930,8004.15,CFPL_CN,18
CN,CF/CN/26-27/14,13-Apr-26,CFPL,W-202,ALIGN RETAIL TRADES PVT LTD,Pista Irani 101 Inshell,8.5500,20081930,9776.50,CFPL_CN,19
CN,CF/CN/26-27/15,13-Apr-26,CFPL,W-202,ALIGN RETAIL TRADES PVT LTD,California Pista Inshell,19.3500,20081930,20535.77,CFPL_CN,20
CN,CF/CN/26-27/16,13-Apr-26,CFPL,W-202,ALIGN RETAIL TRADES PVT LTD,California Pista Inshell,11.1500,20081930,11833.27,CFPL_CN,21
CN,CF/CN/26-27/17,13-Apr-26,CFPL,W-202,ALIGN RETAIL TRADES PVT LTD,California Pista Inshell,9.4700,20081930,10050.32,CFPL_CN,22
CN,CF/CN/26-27/18,13-Apr-26,CFPL,W-202,ALIGN RETAIL TRADES PVT LTD,Pista Irani 101 Inshell,18.9400,20081930,20250.65,CFPL_CN,23
CN,CF/CN/26-27/19,13-Apr-26,CFPL,W-202,ALIGN RETAIL TRADES PVT LTD,Pista Irani 101 Inshell,3.3300,20081930,3560.44,CFPL_CN,24
CN,CF/CN/26-27/21,14-Apr-26,CFPL,W-202,Avenue Supermarts Limited,Healthy Choice Chia Seeds 200 g,100.0000,20081930,25819.20,CFPL_CN,26
CN,CF/CN/26-27/22,14-Apr-26,CFPL,W-202,Avenue Supermarts Limited,Healthy Choice Roasted Pumpkin Seeds 100 g,150.0000,20081920,70344.45,CFPL_CN,27
CN,CF/CN/26-27/23,14-Apr-26,CFPL,W-202,ALIGN RETAIL TRADES PVT LTD,Pista Irani 101 Inshell,4.9300,20081930,5656.73,CFPL_CN,28
CN,CF/CN/26-27/24,16-Apr-26,CFPL,W-202,RELIANCE RETAIL LIMITED,PL CLASSIC DATES 500G,8.0000,08041020,1164.00,CFPL_CN,29
CN,CF/CN/26-27/25,17-Apr-26,CFPL,W-202,Reliance Retail Limited (Navi Mumbai),Zorro Sweet & Spicy Pecan 100g,2.4000,20081930,5448.00,CFPL_CN,30
CN,CF/CN/26-27/25,17-Apr-26,CFPL,W-202,Reliance Retail Limited (Navi Mumbai),NUTWORKS FINGER LIME & JALAPENO 75G PCH,1.8000,20081999,6033.60,CFPL_CN,30
CN,CF/CN/26-27/26,17-Apr-26,CFPL,W-202,ALIGN RETAIL TRADES PVT LTD,Pista Irani 101 Inshell,4.0500,20081930,4647.01,CFPL_CN,32
CN,CF/CN/26-27/27,17-Apr-26,CFPL,W-202,ALIGN RETAIL TRADES PVT LTD,Pista Irani 101 Inshell,6.8600,20081930,7871.23,CFPL_CN,33
CN,CF/CN/26-27/28,17-Apr-26,CFPL,W-202,ALIGN RETAIL TRADES PVT LTD,Pista Irani 101 Inshell,3.8200,20081930,4383.11,CFPL_CN,34
CN,CF/CN/26-27/29,17-Apr-26,CFPL,W-202,ALIGN RETAIL TRADES PVT LTD,Pista Irani 101 Inshell,5.7600,20081930,6609.08,CFPL_CN,35
CN,CF/CN/26-27/30,18-Apr-26,CFPL,W-202,Avenue Supermarts Limited,Premia Prunes 100gm,25.0000,08132000,16115.00,CFPL_CN,36
CN,CF/CN/26-27/31,18-Apr-26,CFPL,W-202,Avenue Supermarts Limited,Premia Breakfast Mix 100g (100005226),0.9000,20081990,629.37,CFPL_CN,37
CN,CF/CN/26-27/32,20-Apr-26,CFPL,W-202,ALIGN RETAIL TRADES PVT LTD,California Pista Inshell,2000.0000,20081930,2122560.00,CFPL_CN,38
CN,CF/CN/26-27/33,20-Apr-26,CFPL,W-202,RELIANCE RETAIL LIMITED,NUTWORKS FINGER LIME & JALAPENO 75G PCH,3.6000,20081999,12067.20,CFPL_CN,39
CN,CF/CN/26-27/34,20-Apr-26,CFPL,W-202,RELIANCE RETAIL LIMITED,PL CLASSIC DATES 500G,8.0000,08041020,1356.00,CFPL_CN,40
CN,CF/CN/26-27/35,20-Apr-26,CFPL,W-202,Reliance Retail Limited (Navi Mumbai),NUTWORKS ROSEMARY & SEASALT 75G PCH,3.6000,20081999,12067.20,CFPL_CN,41
CN,CF/CN/26-27/36,20-Apr-26,CFPL,W-202,Reliance Retail Limited,NUTWORKS ROSEMARY & SEASALT 75G PCH,1.8000,20081999,6024.00,CFPL_CN,42
CN,CF/CN/26-27/36,20-Apr-26,CFPL,W-202,Reliance Retail Limited,NUTWORKS FINGER LIME & JALAPENO 75G PCH,1.8000,20081999,6024.00,CFPL_CN,42
CN,CF/CN/26-27/36,20-Apr-26,CFPL,W-202,Reliance Retail Limited,MACSNACK DRYRST MCADAMIAMUNCHIE 200G PCH,4.8000,20081930,13152.00,CFPL_CN,42
CN,CF/CN/26-27/36,20-Apr-26,CFPL,W-202,Reliance Retail Limited,MACSNACK DRYRST MCADAMIAMUNCHIE 100G PCH,2.4000,20081930,7320.00,CFPL_CN,42
CN,CF/CN/26-27/36,20-Apr-26,CFPL,W-202,Reliance Retail Limited,MACSNACK R&S MACADAMIA MUNCHIES 200G PCH,4.8000,20081930,13488.00,CFPL_CN,42
CN,CF/CN/26-27/37,29-Apr-26,CFPL,W-202,Ajfan International Retails LLP (Trichy),Cheese Cashew 2.82 Kg @ Rs.1040/-,0.0000,20081910,2932.80,CFPL_CN,46
CN,CF/CN/26-27/38,24-Apr-26,CFPL,W-202,Reliance Retail Limited (Navi Mumbai),PL CLASSIC DATES 500G,8.0000,08041020,1356.00,CFPL_CN,47
CN,CF/CN/26-27/39,25-Apr-26,CFPL,W-202,Evergreen Food Industries (F2C) LLC,SS 304 Table,0.0000,72042100,194446.00,CFPL_CN,48
CN,CF/CN/26-27/39,25-Apr-26,CFPL,W-202,Evergreen Food Industries (F2C) LLC,Capital Item,0.0000,90318000,305554.00,CFPL_CN,48
CN,CF/CN/26-27/40,29-Apr-26,CFPL,W-202,Avenue Supermarts Ltd.,Premia Cashew Black Pepper 100 Gm,12.0000,20081910,11913.60,CFPL_CN,49
CN,CF/CN/26-27/41,29-Apr-26,CFPL,W-202,Avenue Supermarts Ltd ( Dc Banergatta ),Premia Chatpata Cranberry 100gm,2.4000,20089999,1427.28,CFPL_CN,50
CN,CF/CN/26-27/42,27-Apr-26,CFPL,W-202,ALIGN RETAIL TRADES PVT LTD,California Pista Inshell,7.3800,20081930,7832.25,CFPL_CN,51
CN,CF/CN/26-27/43,27-Apr-26,CFPL,W-202,ALIGN RETAIL TRADES PVT LTD,Pista Irani 101 Inshell,6.6900,20081930,7676.17,CFPL_CN,52
CN,CF/CN/26-27/44,27-Apr-26,CFPL,W-202,ALIGN RETAIL TRADES PVT LTD,American Almonds,15.9000,08021200,12293.72,CFPL_CN,53
CN,CF/CN/26-27/45,29-Apr-26,CFPL,W-202,Reliance Consumer Products Limited,GOOD LIFE FLAX SEED 100G,279.0000,20081920,48015.90,CFPL_CN,54
CN,CF/CN/26-27/46,29-Apr-26,CFPL,W-202,Reliance Consumer Products Limited,GOOD LIFE FLAX SEED 100G,48.0000,20081920,8260.80,CFPL_CN,55
CN,CF/CN/26-27/47,28-Apr-26,CFPL,W-202,Reliance Retail Limited,PL TURKEY APRICOTS 200G,16.0000,08131000,18595.20,CFPL_CN,56
CN,CF/CN/26-27/48,30-Apr-26,CFPL,W-202,More Retail Private Limited (Bangalore),Vedaka Fresh Dates 500g (102219254),60.0000,08041020,18840.00,CFPL_CN,57
CN,CF/CN/26-27/49,30-Apr-26,CFPL,W-202,ALIGN RETAIL TRADES PVT LTD,Anjeer (Figs),770.0000,08042090,673110.90,CFPL_CN,58
CN,CF/CN/26-27/50,4-May-26,CFPL,W-202,Avenue Supermarts Limited,Premia Chatpata Cranberry 100gm,12.0000,20089999,7088.40,CFPL_CN,59
CN,CF/CN/26-27/51,4-May-26,CFPL,W-202,Avenue Supermarts Limited (Dc Antariksh ),Premia Cashew Salted,9.6000,20081910,9413.76,CFPL_CN,60
CN,CF/CN/26-27/52,4-May-26,CFPL,W-202,Avenue Supermarts Limited,QWIKSNAX CRANBERRIES CHTPTA MIX-30G,1.2000,20089300,766.00,CFPL_CN,61
CN,CF/CN/26-27/53,4-May-26,CFPL,W-202,Avenue Supermarts Limited (Dc Antariksh ),Premia Nuts & Seeds Mix 100g (100005422),150.0000,20081990,89649.45,CFPL_CN,62
CN,CF/CN/26-27/54,4-May-26,CFPL,W-202,ALIGN RETAIL TRADES PVT LTD,Pista Irani 101 Inshell,5.8800,20081930,6723.49,CFPL_CN,63
CN,CF/CN/26-27/55,4-May-26,CFPL,W-202,ALIGN RETAIL TRADES PVT LTD,Pista Irani 101 Inshell,5.1400,20081930,5877.33,CFPL_CN,64
CN,CF/CN/26-27/56,4-May-26,CFPL,W-202,ALIGN RETAIL TRADES PVT LTD,Pista Irani 101 Inshell,4.7300,20081930,5408.52,CFPL_CN,65
CN,CND/26,5-May-26,CFPL,W-202,Avenue Supermarts Limited (Dc Antariksh ),PREMIA ALMONDS SMOKD-100G,4.8000,20081930,4421.76,CFPL_CN,66
CN,CF/CN/26-27/58,5-May-26,CFPL,W-202,ALIGN RETAIL TRADES PVT LTD,Anjeer (Figs),600.0000,08042090,524502.00,CFPL_CN,67
CN,CF/CN/26-27/59,5-May-26,CFPL,W-202,ALIGN RETAIL TRADES PVT LTD,Anjeer (Figs),82.5000,08042090,72119.03,CFPL_CN,68
CN,CF/CN/26-27/60,5-May-26,CFPL,W-202,Avenue Supermarts Limited,Premia Cashew Salted,31.2000,20081910,30919.20,CFPL_CN,69
CN,CF/CN/26-27/60,5-May-26,CFPL,W-202,Avenue Supermarts Limited,Premia Chatpata Cranberry 100gm,100.8000,20089999,59945.76,CFPL_CN,69
CN,CF/CN/26-27/61,6-May-26,CFPL,W-202,RAJASTHAN TRADING CORPORATION,Hazelnut Blanched,100.0000,08022200,202500.00,CFPL_CN,71
CN,CD/CN/26-27/1,2-Apr-26,CDPL,W-202,Reliance Retail Limited (Navi Mumbai),CURATE DATES KIMIA IMP IRAN 500G,610.0000,08041020,204960.00,CDPL_CN,1
CN,CD/CN/26-27/2,30-Apr-26,CDPL,W-202,Glorious Enterprise,AL BARAKAH KHALAS DATES 500 Gm,0.0000,08041020,25230.00,CDPL_CN,2
CN,CD/CN/26-27/3,30-Apr-26,CDPL,W-202,Glorious Enterprise,Al Barakah Kimia Dates,0.0000,08041020,54000.00,CDPL_CN,3
CN,CD/CN/26-27/3,30-Apr-26,CDPL,W-202,Glorious Enterprise,Al Barakah Kimia Dates,0.0000,08041020,15540.00,CDPL_CN,3
CN,CD/CN/26-27/3,30-Apr-26,CDPL,W-202,Glorious Enterprise,"Al Barakah Kimia Dates Damaged 81,015.00",0.0000,08041020,11475.00,CDPL_CN,3
CN,CD/CN/26-27/4,8-Apr-26,CDPL,W-202,Reliance Retail Limited (Navi Mumbai),CURATE DATES KIMIA IMP IRAN 500G,500.0000,08041020,168000.00,CDPL_CN,5
CN,CD/CN/26-27/5,9-Apr-26,CDPL,W-202,Reliance Retail Limited (Navi Mumbai),CURATE DATES KIMIA IMP IRAN 500G,700.0000,08041020,235200.00,CDPL_CN,7
CN,CD/CN/26-27/6,10-Apr-26,CDPL,W-202,Reliance Retail Limited (Navi Mumbai),CURATE DATES KIMIA IMP IRAN 500G,610.0000,08041020,204960.00,CDPL_CN,8
CN,CD/CN/26-27/7,11-Apr-26,CDPL,W-202,Reliance Retail Limited (Navi Mumbai),CURATE DATES FARD IMP OMAN 500G,20.0000,08041020,6800.00,CDPL_CN,9
CN,CD/CN/26-27/8,16-Apr-26,CDPL,W-202,Reliance Retail Limited (Navi Mumbai),CURATE DATES FARD IMP OMAN 500G,20.0000,08041020,6800.00,CDPL_CN,10
CN,CD/CN/26-27/9,27-Apr-26,CDPL,W-202,Reliance Retail Limited (Navi Mumbai),CURATE DATES KIMIA IMP IRAN 500G,400.0000,08041020,134400.00,CDPL_CN,11
CN,CD/CN/26-27/10,27-Apr-26,CDPL,W-202,Reliance Retail Limited (Navi Mumbai),CURATE DATES KIMIA IMP IRAN 500G,310.0000,08041020,104160.00,CDPL_CN,12
CN,CD/CN/26-27/11,30-Apr-26,CDPL,W-202,Reliance Retail Limited (Navi Mumbai),CURATE DATES KIMIA IMP IRAN 500G,340.0000,08041020,114240.00,CDPL_CN,13
CN,CD/CN/26-27/12,30-Apr-26,CDPL,W-202,Reliance Retail Limited (Navi Mumbai),CURATE DATES ORIENTAL IMP ISREL 500G,50.0000,08041020,23200.00,CDPL_CN,14
CN,CD/CN/26-27/13,30-Apr-26,CDPL,W-202,Reliance Retail Limited (Navi Mumbai),CURATE DATES FARD IMP OMAN 500G,50.0000,08041020,17000.00,CDPL_CN,15
CN,CD/CN/26-27/14,7-May-26,CDPL,W-202,Reliance Retail Limited (Navi Mumbai),CURATE DATES KIMIA IMP IRAN 500G,620.0000,08041020,208320.00,CDPL_CN,16
CN,CD/CN/26-27/15,7-May-26,CDPL,W-202,Reliance Retail Limited (Navi Mumbai),CURATE DATES ORIENTAL IMP ISREL 500G,40.0000,08041020,18560.00,CDPL_CN,17
CN,CD/CN/26-27/16,7-May-26,CDPL,W-202,Reliance Retail Limited (Navi Mumbai),CURATE DATES FARD IMP OMAN 500G,40.0000,08041020,13600.00,CDPL_CN,18
CN,CD/CN/26-27/18,12-May-26,CDPL,W-202,Functional and Innovative Foods Limited,Al Barakah Date Powder,300.0000,11063090,109500.00,CDPL_CN,19
CN,CD/CN/26-27/19,13-May-26,CDPL,W-202,Sarah International,Al Barakah Fard Dates,230.0000,08041020,43700.00,CDPL_CN,20
INV,CF53/2627/00001,7-Apr-26,CFPL,F-53,MUKHI BHANDAR,AL BARAKAH DATES SYRUP (400G Packing),0.0000,20079990,1560.00,APMC_INV,1
INV,CF53/2627/00002,7-Apr-26,CFPL,F-53,GOA BAGAYATDAR S. K. V. S. MARYADIT,AL BARAKAH FARD DATES PREMIUM - 500g,30.0000,08041020,7722.00,APMC_INV,2
INV,CF53/2627/00002,7-Apr-26,CFPL,F-53,GOA BAGAYATDAR S. K. V. S. MARYADIT,Al Barakah Khanezi Dates 500gm,30.0000,08041020,7425.00,APMC_INV,2
INV,CF53/2627/00002,7-Apr-26,CFPL,F-53,GOA BAGAYATDAR S. K. V. S. MARYADIT,AL BARAKAH KHALAS DATES 500 Gm,40.0000,08041020,5544.00,APMC_INV,2
INV,CF53/2627/00002,7-Apr-26,CFPL,F-53,GOA BAGAYATDAR S. K. V. S. MARYADIT,AL BARAKAH PREMIUM SEEDLESS DATES 500G,16.0000,08041020,2217.60,APMC_INV,2
INV,CF53/2627/00002,7-Apr-26,CFPL,F-53,GOA BAGAYATDAR S. K. V. S. MARYADIT,Al Barakah Premium Emirate Date Seedless 500gm,24.0000,08041020,4276.80,APMC_INV,3
INV,CF53/2627/00003,7-Apr-26,CFPL,F-53,GOA BAGAYATDAR S. K. V. S. MARYADIT,Al Barakah Premium Emirate Date Seedless 500gm,16.0000,08041020,2851.20,APMC_INV,4
INV,CF53/2627/00003,7-Apr-26,CFPL,F-53,GOA BAGAYATDAR S. K. V. S. MARYADIT,Al Barakah Kimia Dates 500 Gm,12.0000,08041020,3682.80,APMC_INV,5
INV,CF53/2627/00004,7-Apr-26,CFPL,F-53,GOA BAGAYATDAR S. K. V. S. MARYADIT,AL BARAKAH DATES SYRUP (400G Packing),0.0000,20079990,1425.60,APMC_INV,6
INV,CF53/2627/00004,7-Apr-26,CFPL,F-53,GOA BAGAYATDAR S. K. V. S. MARYADIT,Pumpkin Seed ( 5% ),12.5000,12129990,4826.25,APMC_INV,6
INV,CF53/2627/00004,7-Apr-26,CFPL,F-53,GOA BAGAYATDAR S. K. V. S. MARYADIT,Sunflower Seeds,12.5000,12060010,1806.75,APMC_INV,7
INV,CF53/2627/00005,7-Apr-26,CFPL,F-53,GOA BAGAYATDAR S. K. V. S. MARYADIT,Pumpkin Seed ( 5% ),12.5000,12129990,4826.25,APMC_INV,8
INV,CF53/2627/00005,7-Apr-26,CFPL,F-53,GOA BAGAYATDAR S. K. V. S. MARYADIT,Sunflower Seeds,12.5000,12060010,1806.75,APMC_INV,8
INV,CF53/2627/00006,8-Apr-26,CFPL,F-53,GOA BAGAYATDAR S. K. V. S. MARYADIT,AL BARAKAH FARD DATES PREMIUM - 500g,50.0000,08041020,12870.00,APMC_INV,9
INV,CF53/2627/00006,8-Apr-26,CFPL,F-53,GOA BAGAYATDAR S. K. V. S. MARYADIT,Al Barakah Kimia Dates 500 Gm,60.0000,08041020,18414.00,APMC_INV,9
INV,CF53/2627/00006,8-Apr-26,CFPL,F-53,GOA BAGAYATDAR S. K. V. S. MARYADIT,Al Barakah Premium Emirate Date Seedless 500gm,40.0000,08041020,7128.00,APMC_INV,9
INV,CF53/2627/00006,8-Apr-26,CFPL,F-53,GOA BAGAYATDAR S. K. V. S. MARYADIT,AL BARAKAH SAFAVI DATES 500gm,20.0000,08041020,6732.00,APMC_INV,10
INV,CF53/2627/00007,8-Apr-26,CFPL,F-53,GOA BAGAYATDAR S. K. V. S. MARYADIT,AL BARAKAH DATES SYRUP (400G Packing),0.0000,20079990,1425.60,APMC_INV,11
INV,CF53/2627/00008,8-Apr-26,CFPL,F-53,GOA BAGAYATDAR S. K. V. S. MARYADIT,Al Barakah Premium Emirate Date Seedless 500gm,16.0000,08041020,2851.20,APMC_INV,12
INV,CF53/2627/00008,8-Apr-26,CFPL,F-53,GOA BAGAYATDAR S. K. V. S. MARYADIT,Al Barakah Khanezi Dates 500gm,10.0000,08041020,2475.00,APMC_INV,12
INV,CF53/2627/00008,8-Apr-26,CFPL,F-53,GOA BAGAYATDAR S. K. V. S. MARYADIT,AL BARAKAH PREMIUM SEEDLESS DATES 500G,8.0000,08041020,1108.80,APMC_INV,12
INV,CF53/2627/00008,8-Apr-26,CFPL,F-53,GOA BAGAYATDAR S. K. V. S. MARYADIT,Al Barakah Kimia Dates 500 Gm,12.0000,08041020,3682.80,APMC_INV,12
INV,CF53/2627/00008,8-Apr-26,CFPL,F-53,GOA BAGAYATDAR S. K. V. S. MARYADIT,AL BARAKAH KHALAS DATES 500 Gm,10.0000,08041020,1386.00,APMC_INV,13
INV,CF53/2627/00009,8-Apr-26,CFPL,F-53,GOA BAGAYATDAR S. K. V. S. MARYADIT,Pumpkin Seed ( 5% ),12.5000,12129990,4826.25,APMC_INV,14
INV,CF53/2627/00009,8-Apr-26,CFPL,F-53,GOA BAGAYATDAR S. K. V. S. MARYADIT,Sunflower Seeds,12.5000,12060010,1806.75,APMC_INV,14
INV,CF53/2627/00009,8-Apr-26,CFPL,F-53,GOA BAGAYATDAR S. K. V. S. MARYADIT,Black Chia Seeds,10.0000,12079990,1930.50,APMC_INV,14
INV,CF53/2627/00010,8-Apr-26,CFPL,F-53,GOA BAGAYATDAR S. K. V. S. MARYADIT,Al Barakah Premium Emirate Date Seedless 500gm,16.0000,08041020,2851.20,APMC_INV,15
INV,CF53/2627/00010,8-Apr-26,CFPL,F-53,GOA BAGAYATDAR S. K. V. S. MARYADIT,AL BARAKAH FARD DATES PREMIUM - 500g,20.0000,08041020,5148.00,APMC_INV,15
INV,CF53/2627/00010,8-Apr-26,CFPL,F-53,GOA BAGAYATDAR S. K. V. S. MARYADIT,Al Barakah Kimia Dates 500 Gm,30.0000,08041020,9207.00,APMC_INV,15
INV,CF53/2627/00010,8-Apr-26,CFPL,F-53,GOA BAGAYATDAR S. K. V. S. MARYADIT,AL BARAKAH SAFAVI DATES 500gm,10.0000,08041020,3366.00,APMC_INV,16
INV,CF53/2627/00011,8-Apr-26,CFPL,F-53,GOA BAGAYATDAR S. K. V. S. MARYADIT,Pumpkin Seed ( 5% ),12.5000,12129990,4826.25,APMC_INV,17
INV,CF53/2627/00012,8-Apr-26,CFPL,F-53,GOA BAGAYATDAR S. K. V. S. MARYADIT,Al Barakah Premium Emirate Date Seedless 500gm,16.0000,08041020,2851.20,APMC_INV,18
INV,CF53/2627/00012,8-Apr-26,CFPL,F-53,GOA BAGAYATDAR S. K. V. S. MARYADIT,AL BARAKAH FARD DATES PREMIUM - 500g,20.0000,08041020,5148.00,APMC_INV,18
INV,CF53/2627/00012,8-Apr-26,CFPL,F-53,GOA BAGAYATDAR S. K. V. S. MARYADIT,Al Barakah Khanezi Dates 500gm,20.0000,08041020,4950.00,APMC_INV,19
INV,CF53/2627/00013,8-Apr-26,CFPL,F-53,GOA BAGAYATDAR S. K. V. S. MARYADIT,Pumpkin Seed ( 5% ),12.5000,12129990,4826.25,APMC_INV,20
INV,CF53/2627/00013,8-Apr-26,CFPL,F-53,GOA BAGAYATDAR S. K. V. S. MARYADIT,Sunflower Seeds,12.5000,12060010,1806.75,APMC_INV,20
INV,CF53/2627/00014,8-Apr-26,CFPL,F-53,GOA BAGAYATDAR S. K. V. S. MARYADIT,Al Barakah Premium Emirate Date Seedless 500gm,8.0000,08041020,1425.60,APMC_INV,21
INV,CF53/2627/00014,8-Apr-26,CFPL,F-53,GOA BAGAYATDAR S. K. V. S. MARYADIT,AL BARAKAH FARD DATES PREMIUM - 500g,20.0000,08041020,5148.00,APMC_INV,22
INV,CF53/2627/00015,8-Apr-26,CFPL,F-53,GOA BAGAYATDAR S. K. V. S. MARYADIT,Al Barakah Premium Emirate Date Seedless 500gm,16.0000,08041020,2851.20,APMC_INV,23
INV,CF53/2627/00015,8-Apr-26,CFPL,F-53,GOA BAGAYATDAR S. K. V. S. MARYADIT,AL BARAKAH FARD DATES PREMIUM - 500g,20.0000,08041020,5148.00,APMC_INV,23
INV,CF53/2627/00015,8-Apr-26,CFPL,F-53,GOA BAGAYATDAR S. K. V. S. MARYADIT,Al Barakah Khanezi Dates 500gm,20.0000,08041020,4950.00,APMC_INV,23
INV,CF53/2627/00015,8-Apr-26,CFPL,F-53,GOA BAGAYATDAR S. K. V. S. MARYADIT,AL BARAKAH PREMIUM SEEDLESS DATES 500G,16.0000,08041020,2217.60,APMC_INV,23
INV,CF53/2627/00015,8-Apr-26,CFPL,F-53,GOA BAGAYATDAR S. K. V. S. MARYADIT,Al Barakah Kimia Dates 500 Gm,12.0000,08041020,3682.80,APMC_INV,24
INV,CF53/2627/00016,8-Apr-26,CFPL,F-53,GOA BAGAYATDAR S. K. V. S. MARYADIT,Pumpkin Seed ( 5% ),12.5000,12129990,4826.25,APMC_INV,25
INV,CF53/2627/00016,8-Apr-26,CFPL,F-53,GOA BAGAYATDAR S. K. V. S. MARYADIT,Sunflower Seeds,12.5000,12060010,1806.75,APMC_INV,25
INV,CF53/2627/00017,8-Apr-26,CFPL,F-53,GOA BAGAYATDAR S. K. V. S. MARYADIT,Al Barakah Premium Emirate Date Seedless 500gm,8.0000,08041020,1425.60,APMC_INV,26
INV,CF53/2627/00017,8-Apr-26,CFPL,F-53,GOA BAGAYATDAR S. K. V. S. MARYADIT,AL BARAKAH FARD DATES PREMIUM - 500g,10.0000,08041020,2574.00,APMC_INV,26
INV,CF53/2627/00017,8-Apr-26,CFPL,F-53,GOA BAGAYATDAR S. K. V. S. MARYADIT,Al Barakah Khanezi Dates 500gm,10.0000,08041020,2475.00,APMC_INV,26
INV,CF53/2627/00017,8-Apr-26,CFPL,F-53,GOA BAGAYATDAR S. K. V. S. MARYADIT,Al Barakah Kimia Dates 500 Gm,30.0000,08041020,9207.00,APMC_INV,27
INV,CF53/2627/00018,8-Apr-26,CFPL,F-53,GOA BAGAYATDAR S. K. V. S. MARYADIT,Pumpkin Seed ( 5% ),12.5000,12129990,4826.25,APMC_INV,28
INV,CF53/2627/00018,8-Apr-26,CFPL,F-53,GOA BAGAYATDAR S. K. V. S. MARYADIT,Black Chia Seeds,10.0000,12079990,1930.50,APMC_INV,28
INV,CF53/2627/00019,8-Apr-26,CFPL,F-53,GOA BAGAYATDAR S. K. V. S. MARYADIT,Al Barakah Premium Emirate Date Seedless 500gm,16.0000,08041020,2851.20,APMC_INV,29
INV,CF53/2627/00019,8-Apr-26,CFPL,F-53,GOA BAGAYATDAR S. K. V. S. MARYADIT,AL BARAKAH FARD DATES PREMIUM - 500g,10.0000,08041020,2574.00,APMC_INV,29
INV,CF53/2627/00019,8-Apr-26,CFPL,F-53,GOA BAGAYATDAR S. K. V. S. MARYADIT,Al Barakah Khanezi Dates 500gm,20.0000,08041020,4950.00,APMC_INV,29
INV,CF53/2627/00019,8-Apr-26,CFPL,F-53,GOA BAGAYATDAR S. K. V. S. MARYADIT,AL BARAKAH KHALAS DATES 500 Gm,20.0000,08041020,2772.00,APMC_INV,29
INV,CF53/2627/00019,8-Apr-26,CFPL,F-53,GOA BAGAYATDAR S. K. V. S. MARYADIT,AL BARAKAH PREMIUM SEEDLESS DATES 500G,16.0000,08041020,2217.60,APMC_INV,30
INV,CF53/2627/00020,8-Apr-26,CFPL,F-53,GOA BAGAYATDAR S. K. V. S. MARYADIT,Pumpkin Seed ( 5% ),12.5000,12129990,4826.25,APMC_INV,31
INV,CF53/2627/00021,8-Apr-26,CFPL,F-53,GOA BAGAYATDAR S. K. V. S. MARYADIT,Al Barakah Kimia Dates 500 Gm,30.0000,08041020,9207.00,APMC_INV,32
INV,CF53/2627/00022,8-Apr-26,CFPL,F-53,GOA BAGAYATDAR S. K. V. S. MARYADIT,AL BARAKAH DATES SYRUP (400G Packing),0.0000,20079990,1425.60,APMC_INV,33
INV,CF53/2627/00022,8-Apr-26,CFPL,F-53,GOA BAGAYATDAR S. K. V. S. MARYADIT,Sunflower Seeds,12.5000,12060010,1806.75,APMC_INV,33
INV,CF53/2627/00023,8-Apr-26,CFPL,F-53,GOA BAGAYATDAR S. K. V. S. MARYADIT,AL BARAKAH FARD DATES PREMIUM - 500g,20.0000,08041020,5148.00,APMC_INV,34
INV,CF53/2627/00023,8-Apr-26,CFPL,F-53,GOA BAGAYATDAR S. K. V. S. MARYADIT,AL BARAKAH KHALAS DATES 500 Gm,10.0000,08041020,1386.00,APMC_INV,35
INV,CF53/2627/00024,8-Apr-26,CFPL,F-53,GOA BAGAYATDAR S. K. V. S. MARYADIT,Sunflower Seeds,12.5000,12060010,1806.75,APMC_INV,36
INV,CF53/2627/00024,8-Apr-26,CFPL,F-53,GOA BAGAYATDAR S. K. V. S. MARYADIT,Black Chia Seeds,10.0000,12079990,1930.50,APMC_INV,36
INV,CF53/2627/00025,8-Apr-26,CFPL,F-53,GOA BAGAYATDAR S. K. V. S. MARYADIT,Al Barakah Premium Emirate Date Seedless 500gm,16.0000,08041020,2851.20,APMC_INV,37
INV,CF53/2627/00025,8-Apr-26,CFPL,F-53,GOA BAGAYATDAR S. K. V. S. MARYADIT,AL BARAKAH FARD DATES PREMIUM - 500g,20.0000,08041020,5148.00,APMC_INV,37
INV,CF53/2627/00025,8-Apr-26,CFPL,F-53,GOA BAGAYATDAR S. K. V. S. MARYADIT,Al Barakah Khanezi Dates 500gm,20.0000,08041020,4950.00,APMC_INV,37
INV,CF53/2627/00025,8-Apr-26,CFPL,F-53,GOA BAGAYATDAR S. K. V. S. MARYADIT,AL BARAKAH KHALAS DATES 500 Gm,20.0000,08041020,2772.00,APMC_INV,37
INV,CF53/2627/00025,8-Apr-26,CFPL,F-53,GOA BAGAYATDAR S. K. V. S. MARYADIT,AL BARAKAH PREMIUM SEEDLESS DATES 500G,16.0000,08041020,2217.60,APMC_INV,37
INV,CF53/2627/00025,8-Apr-26,CFPL,F-53,GOA BAGAYATDAR S. K. V. S. MARYADIT,AL BARAKAH SAFAVI DATES 500gm,10.0000,08041020,3366.00,APMC_INV,38
INV,CF53/2627/00026,8-Apr-26,CFPL,F-53,GOA BAGAYATDAR S. K. V. S. MARYADIT,AL BARAKAH FARD DATES PREMIUM - 500g,10.0000,08041020,2574.00,APMC_INV,39
INV,CF53/2627/00026,8-Apr-26,CFPL,F-53,GOA BAGAYATDAR S. K. V. S. MARYADIT,Al Barakah Khanezi Dates 500gm,10.0000,08041020,2475.00,APMC_INV,39
INV,CF53/2627/00026,8-Apr-26,CFPL,F-53,GOA BAGAYATDAR S. K. V. S. MARYADIT,AL BARAKAH KHALAS DATES 500 Gm,10.0000,08041020,1386.00,APMC_INV,40
INV,CF53/2627/00027,8-Apr-26,CFPL,F-53,GOA BAGAYATDAR S. K. V. S. MARYADIT,Pumpkin Seed ( 5% ),12.5000,12129990,4826.25,APMC_INV,41
INV,CF53/2627/00027,8-Apr-26,CFPL,F-53,GOA BAGAYATDAR S. K. V. S. MARYADIT,Sunflower Seeds,12.5000,12060010,1806.75,APMC_INV,41
INV,CF53/2627/00028,8-Apr-26,CFPL,F-53,GOA BAGAYATDAR S. K. V. S. MARYADIT,Al Barakah Premium Emirate Date Seedless 500gm,24.0000,08041020,4276.80,APMC_INV,42
INV,CF53/2627/00028,8-Apr-26,CFPL,F-53,GOA BAGAYATDAR S. K. V. S. MARYADIT,Al Barakah Khanezi Dates 500gm,20.0000,08041020,4950.00,APMC_INV,42
INV,CF53/2627/00028,8-Apr-26,CFPL,F-53,GOA BAGAYATDAR S. K. V. S. MARYADIT,AL BARAKAH KHALAS DATES 500 Gm,20.0000,08041020,2772.00,APMC_INV,42
INV,CF53/2627/00028,8-Apr-26,CFPL,F-53,GOA BAGAYATDAR S. K. V. S. MARYADIT,AL BARAKAH PREMIUM SEEDLESS DATES 500G,24.0000,08041020,3326.40,APMC_INV,42
INV,CF53/2627/00028,8-Apr-26,CFPL,F-53,GOA BAGAYATDAR S. K. V. S. MARYADIT,AL BARAKAH SAFAVI DATES 500gm,10.0000,08041020,3366.00,APMC_INV,43
INV,CF53/2627/00029,8-Apr-26,CFPL,F-53,GOA BAGAYATDAR S. K. V. S. MARYADIT,Al Barakah Premium Emirate Date Seedless 500gm,8.0000,08041020,1425.60,APMC_INV,44
INV,CF53/2627/00029,8-Apr-26,CFPL,F-53,GOA BAGAYATDAR S. K. V. S. MARYADIT,AL BARAKAH FARD DATES PREMIUM - 500g,10.0000,08041020,2574.00,APMC_INV,44
INV,CF53/2627/00029,8-Apr-26,CFPL,F-53,GOA BAGAYATDAR S. K. V. S. MARYADIT,Al Barakah Khanezi Dates 500gm,10.0000,08041020,2475.00,APMC_INV,44
INV,CF53/2627/00029,8-Apr-26,CFPL,F-53,GOA BAGAYATDAR S. K. V. S. MARYADIT,AL BARAKAH KHALAS DATES 500 Gm,10.0000,08041020,1386.00,APMC_INV,44
INV,CF53/2627/00029,8-Apr-26,CFPL,F-53,GOA BAGAYATDAR S. K. V. S. MARYADIT,Al Barakah Kimia Dates 500 Gm,30.0000,08041020,9207.00,APMC_INV,45
INV,CF53/2627/00030,8-Apr-26,CFPL,F-53,GOA BAGAYATDAR S. K. V. S. MARYADIT,Pumpkin Seed ( 5% ),12.5000,12129990,4826.25,APMC_INV,46
INV,CF53/2627/00030,8-Apr-26,CFPL,F-53,GOA BAGAYATDAR S. K. V. S. MARYADIT,Sunflower Seeds,12.5000,12060010,1806.75,APMC_INV,46
INV,CF53/2627/00030,8-Apr-26,CFPL,F-53,GOA BAGAYATDAR S. K. V. S. MARYADIT,Black Chia Seeds,10.0000,12079990,1930.50,APMC_INV,46
INV,CF53/2627/00031,8-Apr-26,CFPL,F-53,GOA BAGAYATDAR S. K. V. S. MARYADIT,Al Barakah Premium Emirate Date Seedless 500gm,16.0000,08041020,2851.20,APMC_INV,47
INV,CF53/2627/00031,8-Apr-26,CFPL,F-53,GOA BAGAYATDAR S. K. V. S. MARYADIT,Al Barakah Khanezi Dates 500gm,30.0000,08041020,7425.00,APMC_INV,47
INV,CF53/2627/00031,8-Apr-26,CFPL,F-53,GOA BAGAYATDAR S. K. V. S. MARYADIT,AL BARAKAH KHALAS DATES 500 Gm,30.0000,08041020,4158.00,APMC_INV,47
INV,CF53/2627/00031,8-Apr-26,CFPL,F-53,GOA BAGAYATDAR S. K. V. S. MARYADIT,AL BARAKAH PREMIUM SEEDLESS DATES 500G,16.0000,08041020,2217.60,APMC_INV,47
INV,CF53/2627/00031,8-Apr-26,CFPL,F-53,GOA BAGAYATDAR S. K. V. S. MARYADIT,AL BARAKAH SAFAVI DATES 500gm,10.0000,08041020,3366.00,APMC_INV,48
INV,CF53/2627/00032,8-Apr-26,CFPL,F-53,GOA BAGAYATDAR S. K. V. S. MARYADIT,Sunflower Seeds,12.5000,12060010,1806.75,APMC_INV,49
INV,CF53/2627/00032,8-Apr-26,CFPL,F-53,GOA BAGAYATDAR S. K. V. S. MARYADIT,Black Chia Seeds,10.0000,12079990,1930.50,APMC_INV,49
INV,CF53/2627/00033,8-Apr-26,CFPL,F-53,GOA BAGAYATDAR S. K. V. S. MARYADIT,Al Barakah Premium Emirate Date Seedless 500gm,16.0000,08041020,2851.20,APMC_INV,50
INV,CF53/2627/00033,8-Apr-26,CFPL,F-53,GOA BAGAYATDAR S. K. V. S. MARYADIT,Al Barakah Khanezi Dates 500gm,20.0000,08041020,4950.00,APMC_INV,50
INV,CF53/2627/00033,8-Apr-26,CFPL,F-53,GOA BAGAYATDAR S. K. V. S. MARYADIT,AL BARAKAH KHALAS DATES 500 Gm,20.0000,08041020,2772.00,APMC_INV,50
INV,CF53/2627/00033,8-Apr-26,CFPL,F-53,GOA BAGAYATDAR S. K. V. S. MARYADIT,AL BARAKAH PREMIUM SEEDLESS DATES 500G,16.0000,08041020,2217.60,APMC_INV,50
INV,CF53/2627/00033,8-Apr-26,CFPL,F-53,GOA BAGAYATDAR S. K. V. S. MARYADIT,Al Barakah Kimia Dates 500 Gm,12.0000,08041020,3682.80,APMC_INV,51
INV,CF53/2627/00034,8-Apr-26,CFPL,F-53,GOA BAGAYATDAR S. K. V. S. MARYADIT,Sunflower Seeds,12.5000,12060010,1806.75,APMC_INV,52
INV,CF53/2627/00034,8-Apr-26,CFPL,F-53,GOA BAGAYATDAR S. K. V. S. MARYADIT,Black Chia Seeds,10.0000,12079990,1930.50,APMC_INV,52
INV,CF53/2627/00035,8-Apr-26,CFPL,F-53,GOA BAGAYATDAR S. K. V. S. MARYADIT,Al Barakah Premium Emirate Date Seedless 500gm,8.0000,08041020,1425.60,APMC_INV,53
INV,CF53/2627/00035,8-Apr-26,CFPL,F-53,GOA BAGAYATDAR S. K. V. S. MARYADIT,Al Barakah Khanezi Dates 500gm,10.0000,08041020,2475.00,APMC_INV,53
INV,CF53/2627/00035,8-Apr-26,CFPL,F-53,GOA BAGAYATDAR S. K. V. S. MARYADIT,AL BARAKAH KHALAS DATES 500 Gm,10.0000,08041020,1386.00,APMC_INV,54
INV,CF53/2627/00036,1-Apr-26,CFPL,F-53,VIRENDRA ENTERPRISES,King Solomon Medjoul Dates 500 Gms,240.0000,08041020,241080.00,APMC_INV,55
INV,CF53/2627/00037,8-Apr-26,CFPL,F-53,K K AMRUTAM,AL BARAKAH DATES SYRUP (400G Packing),0.0000,20079990,3120.00,APMC_INV,57
INV,CF53/2627/00038,13-Apr-26,CFPL,F-53,SHAH SUPPLIERS LLP ( MAHAPE)-APMC(cid:13),Carnival Pitted Prunes 250g,6.0000,08132000,4050.00,APMC_INV,58
INV,CF53/2627/00039,8-Apr-26,CFPL,F-53,DOYEN FOODS LLP,AL BARAKAH DATE SYRUP(1.15KG X 12),27.6000,20079990,6960.00,APMC_INV,59
INV,CF53/2627/00040,13-Apr-26,CFPL,F-53,AJWA DRYFRUITS AND CHOCOLATES(GHANSOLI),Brazil Nuts,5.0000,08012200,14500.00,APMC_INV,60
INV,CF53/2627/00041,13-Apr-26,CFPL,F-53,RAJGURU MART VIJAYPURA,AL BARAKAH DATES SYRUP (400G Packing),0.0000,20079990,6240.00,APMC_INV,61
INV,CF53/2627/00042,8-Apr-26,CFPL,F-53,HEERSON,Dried Prunes (Pitted),11.3400,08132000,7371.00,APMC_INV,62
INV,CF53/2627/00043,13-Apr-26,CFPL,F-53,Innovative Traders,Cashew Kernel,9.0000,08013210,7110.00,APMC_INV,63
INV,CF53/2627/00044,8-Apr-26,CFPL,F-53,PATEL RETAIL LIMITED,AL BARAKAH FARD DATES PREMIUM - 500g,20.0000,08041020,5148.00,APMC_INV,64
INV,CF53/2627/00044,8-Apr-26,CFPL,F-53,PATEL RETAIL LIMITED,AL BARAKAH PREMIUM SEEDLESS DATES 500G,24.0000,08041020,3326.40,APMC_INV,65
INV,CF53/2627/00045,13-Apr-26,CFPL,F-53,GOA BAGAYATDAR S. K. V. S. MARYADIT,Pumpkin Seed ( 5% ),25.0000,12129990,9652.50,APMC_INV,66
INV,CF53/2627/00045,13-Apr-26,CFPL,F-53,GOA BAGAYATDAR S. K. V. S. MARYADIT,Sunflower Seeds,25.0000,12060010,3613.50,APMC_INV,66
INV,CF53/2627/00045,13-Apr-26,CFPL,F-53,GOA BAGAYATDAR S. K. V. S. MARYADIT,Black Chia Seeds,25.0000,12079990,4826.25,APMC_INV,66
INV,CF53/2627/00046,2-Apr-26,CFPL,F-53,Jagdish Trading Co (APMC),King Solomon Medjoul Dates 500 Gms,240.0000,08041020,237600.00,APMC_INV,67
INV,CF53/2627/00047,13-Apr-26,CFPL,F-53,Meera Multifoods,Cashew Kernel,9.0000,08013210,7110.00,APMC_INV,69
INV,CF53/2627/00048,3-Apr-26,CFPL,F-53,Jagdish Trading Co (APMC),King Solomon Medjoul Dates 500 Gms,280.0000,08041020,277200.00,APMC_INV,70
INV,CF53/2627/00049,8-Apr-26,CFPL,F-53,ANN RATNAM,Brazil Nuts,5.0000,08012200,16500.00,APMC_INV,72
INV,CF53/2627/00050,8-Apr-26,CFPL,F-53,D. Harumal Gangaram and Sons LLP,Pista Magaz Split,13.7000,08025200,28770.00,APMC_INV,73
INV,CF53/2627/00051,3-Apr-26,CFPL,F-53,Jagdish Trading Co (APMC),Medjoul Dates Super,1040.0000,08041020,1284400.00,APMC_INV,74
INV,CF53/2627/00051,3-Apr-26,CFPL,F-53,Jagdish Trading Co (APMC),Medjoul Dates Large,1040.0000,08041020,972400.00,APMC_INV,74
INV,CF53/2627/00052,3-Apr-26,CFPL,F-53,D. Harumal Gangaram and Sons LLP,Cashew Tukda,250.0000,08013210,147500.00,APMC_INV,76
INV,CF53/2627/00053,4-Apr-26,CFPL,F-53,AGROSTARC PRIVATE LIMITED,Cashew Tukda,2500.0000,08013210,1600000.00,APMC_INV,78
INV,CF53/2627/00054,4-Apr-26,CFPL,F-53,AGROSTARC PRIVATE LIMITED,Water Melon Seed,1300.0000,12129990,780000.00,APMC_INV,80
INV,CF53/2627/00055,4-Apr-26,CFPL,F-53,MARVELOUS VICKYFOODS PRIVATE LIMITED,Cashew Split,90.0000,08013210,71100.00,APMC_INV,82
INV,CF53/2627/00056,4-Apr-26,CFPL,F-53,Jagdish Trading Co (APMC),King Solomon Medjoul Dates 500 Gms,280.0000,08041020,277200.00,APMC_INV,84
INV,CF53/2627/00057,13-Apr-26,CFPL,F-53,MATAJI STORES,AL BARAKAH FARD DATES PREMIUM - 500g,10.0000,08041020,2600.00,APMC_INV,86
INV,CF53/2627/00058,8-Apr-26,CFPL,F-53,Shree Ganesh Dryfruit,Macadamia Vanilla,10.0000,20081920,9500.00,APMC_INV,87
INV,CF53/2627/00059,6-Apr-26,CFPL,F-53,Jagdish Trading Co (APMC),King Solomon Medjoul Dates 500 Gms,200.0000,08041020,198000.00,APMC_INV,88
INV,CF53/2627/00060,13-Apr-26,CFPL,F-53,Ghanshyam Privision Stores,Macadamia Vanilla,10.0000,20081920,9500.00,APMC_INV,90
INV,CF53/2627/00062,6-Apr-26,CFPL,F-53,VIRENDRA ENTERPRISES,King Solomon Medjoul Dates 500 Gms,160.0000,08041020,160720.00,APMC_INV,92
INV,CF53/2627/00063,7-Apr-26,CFPL,F-53,Jagdish Trading Co (APMC),King Solomon Medjoul Dates 500 Gms,240.0000,08041020,237600.00,APMC_INV,94
INV,CF53/2627/00064,13-Apr-26,CFPL,F-53,HEM FOOD,AL BARAKAH DATE SYRUP(1.15KG X 12),13.8000,20079990,3763.20,APMC_INV,96
INV,CF53/2627/00065,13-Apr-26,CFPL,F-53,DAGA BROTHERS,AL BARAKAH DATES SYRUP (400G Packing),0.0000,20079990,3120.00,APMC_INV,97
INV,CF53/2627/00066,13-Apr-26,CFPL,F-53,NATIONAL DRYFRUITS,Cashew 400,10.0000,08013220,8100.00,APMC_INV,98
INV,CF53/2627/00067,7-Apr-26,CFPL,F-53,VIRENDRA ENTERPRISES,King Solomon Medjoul Dates 500 Gms,160.0000,08041020,160720.00,APMC_INV,99
INV,CF53/2627/00068,13-Apr-26,CFPL,F-53,DIVYA DRY FRUITS & TEA,Carnival Pitted Prunes 250g,6.0000,08132000,4200.00,APMC_INV,101
INV,CF53/2627/00069,13-Apr-26,CFPL,F-53,Innovative Traders,Cashew Split,9.0000,08013210,7110.00,APMC_INV,102
INV,CF53/2627/00070,8-Apr-26,CFPL,F-53,Jagdish Trading Co (APMC),King Solomon Medjoul Dates 500 Gms,480.0000,08041020,475200.00,APMC_INV,103
INV,CF53/2627/00071,13-Apr-26,CFPL,F-53,QUALITY FOODS,Macadamia Roasted -,11.3400,20081920,26932.50,APMC_INV,106
INV,CF53/2627/00072,13-Apr-26,CFPL,F-53,Royal Sales,Dried Cranberry,56.7000,20089300,26649.00,APMC_INV,107
INV,CF53/2627/00072,13-Apr-26,CFPL,F-53,Royal Sales,Dried Cranberry,56.7000,20089300,23757.30,APMC_INV,107
INV,CF53/2627/00072,13-Apr-26,CFPL,F-53,Royal Sales,Dried Blueberry,22.7000,20089919,28375.00,APMC_INV,107
INV,CF53/2627/00073,13-Apr-26,CFPL,F-53,PATEL RETAIL LIMITED,AL BARAKAH FARD DATES PREMIUM - 500g,30.0000,08041020,7722.00,APMC_INV,108
INV,CF53/2627/00074,10-Apr-26,CFPL,F-53,NILESH SUPER MARKET PVT.LTD.,Aldaka Medjool,150.0000,08041020,183750.00,APMC_INV,109
INV,CF53/2627/00076,8-Apr-26,CFPL,F-53,PATEL RETAIL LIMITED,California Pista Inshell,113.4000,08025100,117612.11,APMC_INV,112
INV,CF53/2627/00077,13-Apr-26,CFPL,F-53,NATIONAL DRYFRUITS,Dried Blueberry,4.5400,20089919,6129.00,APMC_INV,114
INV,CF53/2627/00078,9-Apr-26,CFPL,F-53,Greenz Projects Private Limited,Macadamia Vanilla,10.0000,20081920,9310.00,APMC_INV,115
INV,CF53/2627/00079,9-Apr-26,CFPL,F-53,Jagdish Trading Co (APMC),King Solomon Medjoul Dates 500 Gms,240.0000,08041020,237600.00,APMC_INV,116
INV,CF53/2627/00080,9-Apr-26,CFPL,F-53,VIRENDRA ENTERPRISES,King Solomon Medjoul Dates 500 Gms,240.0000,08041020,241080.00,APMC_INV,118
INV,CF53/2627/00081,13-Apr-26,CFPL,F-53,NATIONAL DRYFRUITS,Cashew 400,50.0000,08013220,40000.00,APMC_INV,120
INV,CF53/2627/00082,13-Apr-26,CFPL,F-53,SHAH CASHEW MART,American Almonds,160.6000,08021200,43362.00,APMC_INV,121
INV,CF53/2627/00083,9-Apr-26,CFPL,F-53,Jagdish Trading Co (APMC),Ameri Dates,990.0000,08041020,495000.00,APMC_INV,122
INV,CF53/2627/00084,13-Apr-26,CFPL,F-53,JAINI FOODS,Carnival Pitted Prunes 250g,6.0000,08132000,4200.00,APMC_INV,124
INV,CF53/2627/00085,10-Apr-26,CFPL,F-53,Jagdish Trading Co (APMC),King Solomon Medjoul Dates 500 Gms,160.0000,08041020,158400.00,APMC_INV,125
INV,CF53/2627/00086,13-Apr-26,CFPL,F-53,Kamdhenu Super Shoppy,Brazil Nuts,3.0000,08012200,8850.00,APMC_INV,127
INV,CF53/2627/00087,13-Apr-26,CFPL,F-53,ANN RATNAM,Makhana,6.0000,08013100,6090.00,APMC_INV,128
INV,CF53/2627/00087,13-Apr-26,CFPL,F-53,ANN RATNAM,Chat Almonds,5.0000,20081930,4875.00,APMC_INV,128
INV,CF53/2627/00087,13-Apr-26,CFPL,F-53,ANN RATNAM,Almond Sliced,5.0000,08021200,4750.00,APMC_INV,128
INV,CF53/2627/00088,10-Apr-26,CFPL,F-53,Jagdish Trading Co (APMC),California Pista Inshell,113.4000,08025100,118800.11,APMC_INV,129
INV,CF53/2627/00089,10-Apr-26,CFPL,F-53,Jagdish Trading Co (APMC),California Pista Inshell,56.7000,08025100,59400.05,APMC_INV,131
INV,CF53/2627/00090,13-Apr-26,CFPL,F-53,Ramla Stores,AL BARAKAH DATES SYRUP (400G Packing),0.0000,20079990,1620.00,APMC_INV,133
INV,CF53/2627/00091,13-Apr-26,CFPL,F-53,HORA MASALA CORNER,King Solomon Medjoul Dates 500 Gms,200.0000,08041020,211680.00,APMC_INV,134
INV,CF53/2627/00091,13-Apr-26,CFPL,F-53,HORA MASALA CORNER,King Solomon Medjoul Jumbo Dates 500gm,200.0000,08041020,261660.00,APMC_INV,135
INV,CF53/2627/00092,11-Apr-26,CFPL,F-53,Jagdish Trading Co (APMC),King Solomon Medjoul Dates 500 Gms,360.0000,08041020,356400.00,APMC_INV,137
INV,CF53/2627/00093,17-Apr-26,CFPL,F-53,NATIONAL DRYFRUITS,Pumpkin Seed ( 5% ),12.5000,12129990,5125.00,APMC_INV,139
INV,CF53/2627/00094,13-Apr-26,CFPL,F-53,SHRI GANESH DRYFRUITS (NIGRI),California Pista Inshell,623.7000,08025100,654885.00,APMC_INV,140
INV,CF53/2627/00095,13-Apr-26,CFPL,F-53,Jagdish Trading Co (APMC),King Solomon Medjoul Dates 500 Gms,160.0000,08041020,158400.00,APMC_INV,142
INV,CF53/2627/00096,13-Apr-26,CFPL,F-53,Jagdish Trading Co (APMC),California Pista Inshell,283.5000,08025100,297108.00,APMC_INV,144
INV,CF53/2627/00097,29-Apr-26,CFPL,F-53,Hari Dates and Dry Fruits,AL BARAKAH DATES SYRUP (400G Packing),0.0000,20079990,3240.00,APMC_INV,146
INV,CF53/2627/00097,29-Apr-26,CFPL,F-53,Hari Dates and Dry Fruits,AL BARAKAH DATE SYRUP(1.15KG X 12),0.0000,20079990,7200.00,APMC_INV,146
INV,CF53/2627/00098,17-Apr-26,CFPL,F-53,AJWA HOUSE OF DRYFRUITS,AL BARAKAH DATES SYRUP (400G Packing),0.0000,20079990,3240.00,APMC_INV,148
INV,CF53/2627/00099,17-Apr-26,CFPL,F-53,AJWA HOUSE OF DRYFRUITS,Pecans Nuts Inshell,10.0000,20081999,10000.00,APMC_INV,149
INV,CF53/2627/00100,17-Apr-26,CFPL,F-53,PRASHANT CORNER PRIVATE LIMITED,AL Barakah Date,12.5000,20079990,4250.00,APMC_INV,150
INV,CF53/2627/00101,15-Apr-26,CFPL,F-53,Jagdish Trading Co (APMC),King Solomon Medjoul Dates 500 Gms,320.0000,08041020,316800.00,APMC_INV,151
INV,CF53/2627/00102,17-Apr-26,CFPL,F-53,UNICORP ENTERPRISE F-28,Carnival Pitted Prunes 250g,6.0000,08132000,4200.00,APMC_INV,153
INV,CF53/2627/00103,14-Apr-26,CFPL,F-53,PRASHANT CORNER PRIVATE LIMITED,Slivered Almonds,113.4000,08021200,104328.00,APMC_INV,154
INV,CF53/2627/00104,14-Apr-26,CFPL,F-53,PRASHANT CORNER PRIVATE LIMITED,Wet Dates Seedless,10.0000,08041020,2300.00,APMC_INV,156
INV,CF53/2627/00105,17-Apr-26,CFPL,F-53,Dev International,AL BARAKAH PREMIUM SEEDLESS DATES 500G,200.0000,08041020,27636.00,APMC_INV,158
INV,CF53/2627/00106,15-Apr-26,CFPL,F-53,Ramraj Sales,King Solomon Medjoul Dates 500 Gms,160.0000,08041020,170755.20,APMC_INV,159
INV,CF53/2627/00107,15-Apr-26,CFPL,F-53,Jagdish Trading Co (APMC),King Solomon Medjoul Dates 500 Gms,400.0000,08041020,396000.00,APMC_INV,161
INV,CF53/2627/00108,17-Apr-26,CFPL,F-53,CHIRANGILAL CHANDMAL CHHABDA,AL BARAKAH PREMIUM SEEDLESS DATES 500G,40.0000,08041020,5973.60,APMC_INV,163
INV,CF53/2627/00109,17-Apr-26,CFPL,F-53,KEDARISETTY LOVARAJU SONS,AL BARAKAH DATE SYRUP(1.15KG X 12),13.8000,20079990,3600.00,APMC_INV,164
INV,CF53/2627/00109,17-Apr-26,CFPL,F-53,KEDARISETTY LOVARAJU SONS,"AL BARAKAH DATES SYRUP (400G Packing) 5,280.00",0.0000,20079990,1680.00,APMC_INV,165
INV,CF53/2627/00110,17-Apr-26,CFPL,F-53,Indian Dryfruits Traders,California Pista,56.7000,08025100,59939.84,APMC_INV,166
INV,CF53/2627/00111,16-Apr-26,CFPL,F-53,Jagdish Trading Co (APMC),King Solomon Medjoul Dates 500 Gms,160.0000,08041020,158400.00,APMC_INV,167
INV,CF53/2627/00112,25-Apr-26,CFPL,F-53,Balaji Impex,California Pista,22.6800,08025100,23975.94,APMC_INV,169
INV,CF53/2627/00113,25-Apr-26,CFPL,F-53,Maharashtra Essence and Dryfruits,AL BARAKAH DATES SYRUP (400G Packing),0.0000,20079990,4939.20,APMC_INV,170
INV,CF53/2627/00114,25-Apr-26,CFPL,F-53,Jagdish Trading Co (APMC),Pumpkin Seed ( 5% ),5.0000,12129990,2050.00,APMC_INV,171
INV,CF53/2627/00114,25-Apr-26,CFPL,F-53,Jagdish Trading Co (APMC),Sunflower Seeds,5.0000,12060010,825.00,APMC_INV,171
INV,CF53/2627/00115,16-Apr-26,CFPL,F-53,Indian Dryfruits Traders,California Pista Inshell,113.4000,08025100,119879.68,APMC_INV,172
INV,CF53/2627/00116,17-Apr-26,CFPL,F-53,Jagdish Trading Co (APMC),King Solomon Medjoul Dates 500 Gms,120.0000,08041020,118800.00,APMC_INV,174
INV,CF53/2627/00117,17-Apr-26,CFPL,F-53,VIRENDRA ENTERPRISES,King Solomon Medjoul Dates 500 Gms,240.0000,08041020,241080.00,APMC_INV,176
INV,CF53/2627/00118,17-Apr-26,CFPL,F-53,RAJASTHAN TRADING CORPORATION,Hazelnut Blanched,100.0000,08022200,202500.00,APMC_INV,178
INV,CF53/2627/00119,25-Apr-26,CFPL,F-53,PATEL RETAIL LIMITED,AL BARAKAH FARD DATES PREMIUM - 500g,20.0000,08041020,5148.00,APMC_INV,180
INV,CF53/2627/00119,25-Apr-26,CFPL,F-53,PATEL RETAIL LIMITED,AL BARAKAH PREMIUM SEEDLESS DATES 500G,24.0000,08041020,3326.40,APMC_INV,181
INV,CF53/2627/00120,25-Apr-26,CFPL,F-53,VIRCHAND KHIMJI AND CO.,Pumpkin Seed ( 5% ),200.0000,12129990,77000.00,APMC_INV,182
INV,CF53/2627/00121,17-Apr-26,CFPL,F-53,Delicious Cashew Company,DCC Almonds,980.0000,08021200,794780.00,APMC_INV,183
INV,CF53/2627/00121,17-Apr-26,CFPL,F-53,Delicious Cashew Company,Afghan Black Raisins,210.0000,08062010,94500.00,APMC_INV,183
INV,CF53/2627/00121,17-Apr-26,CFPL,F-53,Delicious Cashew Company,Wet Dates Safavi,300.0000,08041020,174000.00,APMC_INV,183
INV,CF53/2627/00122,25-Apr-26,CFPL,F-53,Jagdish Trading Co (APMC),Pumpkin Seed ( 5% ),5.0000,12129990,2050.00,APMC_INV,185
INV,CF53/2627/00123,18-Apr-26,CFPL,F-53,Jagdish Trading Co (APMC),King Solomon Medjoul Dates 500 Gms,320.0000,08041020,316800.00,APMC_INV,186
INV,CF53/2627/00124,18-Apr-26,CFPL,F-53,BREEZE AGENCIES,California Pista Inshell,113.4000,08025100,124173.00,APMC_INV,188
INV,CF53/2627/00125,25-Apr-26,CFPL,F-53,PRASHANT CORNER PRIVATE LIMITED,Wet Dates Seedless,70.0000,08041020,16100.00,APMC_INV,190
INV,CF53/2627/00126,25-Apr-26,CFPL,F-53,MAA NAGANARAY DRY FRUIT,Macadamia Vanilla,10.0000,20081920,9500.00,APMC_INV,191
INV,CF53/2627/00127,25-Apr-26,CFPL,F-53,K K AMRUTAM,AL BARAKAH DATES SYRUP (400G Packing),0.0000,20079990,4860.00,APMC_INV,192
INV,CF53/2627/00128,20-Apr-26,CFPL,F-53,Jagdish Trading Co (APMC),King Solomon Medjoul Dates 500 Gms,280.0000,08041020,277200.00,APMC_INV,193
INV,CF53/2627/00129,25-Apr-26,CFPL,F-53,Shreeji Enterprises,Pumpkin Seeds,15.0000,20081930,6750.00,APMC_INV,195
INV,CF53/2627/00130,25-Apr-26,CFPL,F-53,Innoakt Private Limited (New ),AL Barakah Date,12.5000,20079990,4375.00,APMC_INV,196
INV,CF53/2627/00131,25-Apr-26,CFPL,F-53,M/s SUKANI ENTERPRISES LLP,AL BARAKAH DEHYDRATED DATE POWDER 250G,3.0000,11063090,1800.00,APMC_INV,197
INV,CF53/2627/00132,25-Apr-26,CFPL,F-53,Ghanshyam Privision Stores,Macadamia Vanilla,10.0000,20081920,9500.00,APMC_INV,198
INV,CF53/2627/00133,25-Apr-26,CFPL,F-53,ARMACAR HOLDINGS PRIVATE LIMITED,California Pista,22.6800,08025100,25288.20,APMC_INV,199
INV,CF53/2627/00134,25-Apr-26,CFPL,F-53,NATIONAL DRYFRUITS,Dried Cranberry,4.5400,20089300,4540.00,APMC_INV,200
INV,CF53/2627/00135,25-Apr-26,CFPL,F-53,REXNORD ELECTRONICS AND CONTROLS LTD,Mamra Almonds 2A,6.0000,08021200,20700.00,APMC_INV,201
INV,CF53/2627/00135,25-Apr-26,CFPL,F-53,REXNORD ELECTRONICS AND CONTROLS LTD,Indian Green Raisins,5.0000,08062010,1950.00,APMC_INV,201
INV,CF53/2627/00135,25-Apr-26,CFPL,F-53,REXNORD ELECTRONICS AND CONTROLS LTD,Sesame Seeds (White,10.0000,12074010,2800.00,APMC_INV,201
INV,CF53/2627/00135,25-Apr-26,CFPL,F-53,REXNORD ELECTRONICS AND CONTROLS LTD,Dried Coconut - Copra,20.0000,12030000,11000.00,APMC_INV,201
INV,CF53/2627/00135,25-Apr-26,CFPL,F-53,REXNORD ELECTRONICS AND CONTROLS LTD,Jav,20.0000,10030090,1500.00,APMC_INV,202
INV,CF53/2627/00136,21-Apr-26,CFPL,F-53,Jagdish Trading Co (APMC),King Solomon Medjoul Dates 500 Gms,88.0000,08041020,87120.00,APMC_INV,203
INV,CF53/2627/00137,22-Apr-26,CFPL,F-53,ACHAL FARMPRODUCTS PRIVATE LIMITED,Carnival Black Currant,6.0000,08062010,4200.00,APMC_INV,205
INV,CF53/2627/00137,22-Apr-26,CFPL,F-53,ACHAL FARMPRODUCTS PRIVATE LIMITED,"Carnival Premium Brazil Nuts, 250 Gms",6.0000,08012200,19800.00,APMC_INV,205
INV,CF53/2627/00137,22-Apr-26,CFPL,F-53,ACHAL FARMPRODUCTS PRIVATE LIMITED,Carnival Dried Blueberry 250g - Tub,30.0000,20089919,51060.00,APMC_INV,205
INV,CF53/2627/00137,22-Apr-26,CFPL,F-53,ACHAL FARMPRODUCTS PRIVATE LIMITED,Carnival California Pitted Prunes 300 Gms,27.0000,08132000,15183.00,APMC_INV,206
INV,CF53/2627/00138,22-Apr-26,CFPL,F-53,VIRENDRA ENTERPRISES,King Solomon Medjoul Dates 500 Gms,200.0000,08041020,200900.00,APMC_INV,208
INV,CF53/2627/00139,22-Apr-26,CFPL,F-53,Jagdish Trading Co (APMC),King Solomon Medjoul Dates 500 Gms,400.0000,08041020,396000.00,APMC_INV,210
INV,CF53/2627/00140,22-Apr-26,CFPL,F-53,Jagdish Trading Co (APMC),King Solomon Medjoul Dates 500 Gms,360.0000,08041020,356400.00,APMC_INV,212
INV,CF53/2627/00141,25-Apr-26,CFPL,F-53,SWAGAT ENTERPRISES,AL BARAKAH DATES SYRUP (400G Packing),0.0000,20079990,3240.00,APMC_INV,214
INV,CF53/2627/00142,25-Apr-26,CFPL,F-53,SWAGAT ENTERPRISES,Al Barakah Premium Emirate Date Seedless 500gm,16.0000,08041020,3040.00,APMC_INV,215
INV,CF53/2627/00143,25-Apr-26,CFPL,F-53,SWAGAT ENTERPRISES,AL BARAKAH FARD DATES PREMIUM - 500g,200.0000,08041020,51000.00,APMC_INV,216
INV,CF53/2627/00144,25-Apr-26,CFPL,F-53,NSC FOOD PRODUCT LLP,AL BARAKAH FARD,250.0000,08041020,61250.00,APMC_INV,217
INV,CF53/2627/00145,25-Apr-26,CFPL,F-53,Jagdish Trading Co (APMC),Al Barakah Premium Emirate Date Seedless 500gm,8.0000,08041020,1520.00,APMC_INV,218
INV,CF53/2627/00146,25-Apr-26,CFPL,F-53,SWASTIK TRADERS,Cashew 210,40.0000,08013220,39200.00,APMC_INV,219
INV,CF53/2627/00147,25-Apr-26,CFPL,F-53,Kaarya Naturals Private Limited,Cashew 320,100.0000,08013220,73000.00,APMC_INV,220
INV,CF53/2627/00148,23-Apr-26,CFPL,F-53,Jagdish Trading Co (APMC),King Solomon Medjoul Dates 500 Gms,200.0000,08041020,198000.00,APMC_INV,221
INV,CF53/2627/00149,23-Apr-26,CFPL,F-53,VIRENDRA ENTERPRISES,King Solomon Medjoul Dates 500 Gms,200.0000,08041020,200900.00,APMC_INV,223
INV,CF53/2627/00150,28-Apr-26,CFPL,F-53,Innovative Traders,Cashew Split,9.0000,08013210,7110.00,APMC_INV,225
INV,CF53/2627/00151,24-Apr-26,CFPL,F-53,Jagdish Trading Co (APMC),King Solomon Medjoul Dates 500 Gms,320.0000,08041020,316800.00,APMC_INV,226
INV,CF53/2627/00152,28-Apr-26,CFPL,F-53,MAA NAGANARAY DRY FRUIT,Macadamia Vanilla,10.0000,20081920,9500.00,APMC_INV,228
INV,CF53/2627/00153,24-Apr-26,CFPL,F-53,Jagdish Trading Co (APMC),Deri Dates,970.0000,08041020,295850.00,APMC_INV,229
INV,CF53/2627/00159,28-Apr-26,CFPL,F-53,GOA BAGAYATDAR S. K. V. S. MARYADIT,AL BARAKAH DATES SYRUP (400G Packing),0.0000,20079990,1603.80,APMC_INV,231
INV,CF53/2627/00159,28-Apr-26,CFPL,F-53,GOA BAGAYATDAR S. K. V. S. MARYADIT,Sunflower Seeds,30.0000,12060010,4336.20,APMC_INV,231
INV,CF53/2627/00159,28-Apr-26,CFPL,F-53,GOA BAGAYATDAR S. K. V. S. MARYADIT,Black Chia Seeds,25.0000,12079990,5197.50,APMC_INV,232
INV,CF53/2627/00154,28-Apr-26,CFPL,F-53,Jagdish Trading Co (APMC),King Solomon Medjoul Dates 500 Gms,360.0000,08041020,356400.00,APMC_INV,233
INV,CF53/2627/00155,28-Apr-26,CFPL,F-53,GOA BAGAYATDAR S. K. V. S. MARYADIT,AL Barakah Premium Emirates Dates 500g,8.0000,08041020,1346.40,APMC_INV,234
INV,CF53/2627/00155,28-Apr-26,CFPL,F-53,GOA BAGAYATDAR S. K. V. S. MARYADIT,Al Barakah Khanezi Dates 500gm,10.0000,08041020,2475.00,APMC_INV,234
INV,CF53/2627/00155,28-Apr-26,CFPL,F-53,GOA BAGAYATDAR S. K. V. S. MARYADIT,AL BARAKAH KHALAS DATES 500 Gm,10.0000,08041020,1386.00,APMC_INV,235
INV,CF53/2627/00156,28-Apr-26,CFPL,F-53,GOA BAGAYATDAR S. K. V. S. MARYADIT,AL Barakah Premium Emirates Dates 500g,8.0000,08041020,1346.40,APMC_INV,236
INV,CF53/2627/00156,28-Apr-26,CFPL,F-53,GOA BAGAYATDAR S. K. V. S. MARYADIT,AL BARAKAH FARD DATES PREMIUM - 500g,10.0000,08041020,2574.00,APMC_INV,236
INV,CF53/2627/00156,28-Apr-26,CFPL,F-53,GOA BAGAYATDAR S. K. V. S. MARYADIT,Al Barakah Khanezi Dates 500gm,10.0000,08041020,2475.00,APMC_INV,236
INV,CF53/2627/00156,28-Apr-26,CFPL,F-53,GOA BAGAYATDAR S. K. V. S. MARYADIT,AL BARAKAH KHALAS DATES 500 Gm,10.0000,08041020,1386.00,APMC_INV,236
INV,CF53/2627/00156,28-Apr-26,CFPL,F-53,GOA BAGAYATDAR S. K. V. S. MARYADIT,AL BARAKAH SAFAVI DATES 500gm,10.0000,08041020,3564.00,APMC_INV,236
INV,CF53/2627/00156,28-Apr-26,CFPL,F-53,GOA BAGAYATDAR S. K. V. S. MARYADIT,Al Barakah Premium Emirate Date Seedless 500gm,8.0000,08041020,1504.80,APMC_INV,237
INV,CF53/2627/00157,28-Apr-26,CFPL,F-53,GOA BAGAYATDAR S. K. V. S. MARYADIT,AL BARAKAH DATES SYRUP (400G Packing),0.0000,20079990,1603.80,APMC_INV,238
INV,CF53/2627/00157,28-Apr-26,CFPL,F-53,GOA BAGAYATDAR S. K. V. S. MARYADIT,Sunflower Seeds,12.5000,12060010,1806.75,APMC_INV,238
INV,CF53/2627/00157,28-Apr-26,CFPL,F-53,GOA BAGAYATDAR S. K. V. S. MARYADIT,Black Chia Seeds,12.5000,12079990,2598.75,APMC_INV,239
INV,CF53/2627/00158,28-Apr-26,CFPL,F-53,GOA BAGAYATDAR S. K. V. S. MARYADIT,AL Barakah Premium Emirates Dates 500g,16.0000,08041020,2692.80,APMC_INV,240
INV,CF53/2627/00158,28-Apr-26,CFPL,F-53,GOA BAGAYATDAR S. K. V. S. MARYADIT,AL BARAKAH FARD DATES PREMIUM - 500g,10.0000,08041020,2574.00,APMC_INV,240
INV,CF53/2627/00158,28-Apr-26,CFPL,F-53,GOA BAGAYATDAR S. K. V. S. MARYADIT,Al Barakah Khanezi Dates 500gm,20.0000,08041020,4950.00,APMC_INV,240
INV,CF53/2627/00158,28-Apr-26,CFPL,F-53,GOA BAGAYATDAR S. K. V. S. MARYADIT,AL BARAKAH KHALAS DATES 500 Gm,20.0000,08041020,2772.00,APMC_INV,240
INV,CF53/2627/00158,28-Apr-26,CFPL,F-53,GOA BAGAYATDAR S. K. V. S. MARYADIT,AL BARAKAH PREMIUM SEEDLESS DATES 500G,8.0000,08041020,1108.80,APMC_INV,241
INV,CF53/2627/00160,25-Apr-26,CFPL,F-53,VIRENDRA ENTERPRISES,King Solomon Medjoul Dates 500 Gms,240.0000,08041020,241080.00,APMC_INV,242
INV,CF53/2627/00161,28-Apr-26,CFPL,F-53,Sagar Traders (SALE),Pumpkin Seed ( 5% ),200.0000,12129990,78000.00,APMC_INV,244
INV,CF53/2627/00162,28-Apr-26,CFPL,F-53,GOA BAGAYATDAR S. K. V. S. MARYADIT,AL Barakah Premium Emirates Dates 500g,24.0000,08041020,4039.20,APMC_INV,245
INV,CF53/2627/00162,28-Apr-26,CFPL,F-53,GOA BAGAYATDAR S. K. V. S. MARYADIT,AL BARAKAH FARD DATES PREMIUM - 500g,50.0000,08041020,12870.00,APMC_INV,245
INV,CF53/2627/00162,28-Apr-26,CFPL,F-53,GOA BAGAYATDAR S. K. V. S. MARYADIT,AL BARAKAH PREMIUM SEEDLESS DATES 500G,40.0000,08041020,5544.00,APMC_INV,245
INV,CF53/2627/00162,28-Apr-26,CFPL,F-53,GOA BAGAYATDAR S. K. V. S. MARYADIT,Al Barakah Kimia Dates 500 Gm,60.0000,08041020,19602.00,APMC_INV,245
INV,CF53/2627/00162,28-Apr-26,CFPL,F-53,GOA BAGAYATDAR S. K. V. S. MARYADIT,Al Barakah Premium Emirate Date Seedless 500gm,8.0000,08041020,1504.80,APMC_INV,245
INV,CF53/2627/00162,28-Apr-26,CFPL,F-53,GOA BAGAYATDAR S. K. V. S. MARYADIT,AL BARAKAH SAFAVI DATES 500gm,10.0000,08041020,3564.00,APMC_INV,246
INV,CF53/2627/00163,29-Apr-26,CFPL,F-53,GOA BAGAYATDAR S. K. V. S. MARYADIT,Black Chia Seeds,100.0000,12079990,20790.00,APMC_INV,247
INV,CF53/2627/00164,29-Apr-26,CFPL,F-53,GOA BAGAYATDAR S. K. V. S. MARYADIT,AL BARAKAH FARD DATES PREMIUM - 500g,10.0000,08041020,2574.00,APMC_INV,248
INV,CF53/2627/00164,29-Apr-26,CFPL,F-53,GOA BAGAYATDAR S. K. V. S. MARYADIT,Al Barakah Khanezi Dates 500gm,10.0000,08041020,2475.00,APMC_INV,248
INV,CF53/2627/00164,29-Apr-26,CFPL,F-53,GOA BAGAYATDAR S. K. V. S. MARYADIT,AL BARAKAH KHALAS DATES 500 Gm,20.0000,08041020,2772.00,APMC_INV,248
INV,CF53/2627/00164,29-Apr-26,CFPL,F-53,GOA BAGAYATDAR S. K. V. S. MARYADIT,Al Barakah Kimia Dates 500 Gm,30.0000,08041020,9801.00,APMC_INV,248
INV,CF53/2627/00164,29-Apr-26,CFPL,F-53,GOA BAGAYATDAR S. K. V. S. MARYADIT,Al Barakah Premium Emirate Date Seedless 500gm,8.0000,08041020,1504.80,APMC_INV,249
INV,CF53/2627/00165,29-Apr-26,CFPL,F-53,GOA BAGAYATDAR S. K. V. S. MARYADIT,Sunflower Seeds,25.0000,12060010,3613.50,APMC_INV,250
INV,CF53/2627/00165,29-Apr-26,CFPL,F-53,GOA BAGAYATDAR S. K. V. S. MARYADIT,Black Chia Seeds,25.0000,12079990,5250.00,APMC_INV,250
INV,CF53/2627/00166,29-Apr-26,CFPL,F-53,GOA BAGAYATDAR S. K. V. S. MARYADIT,AL BARAKAH FARD DATES PREMIUM - 500g,10.0000,08041020,2574.00,APMC_INV,251
INV,CF53/2627/00166,29-Apr-26,CFPL,F-53,GOA BAGAYATDAR S. K. V. S. MARYADIT,Al Barakah Khanezi Dates 500gm,10.0000,08041020,2475.00,APMC_INV,251
INV,CF53/2627/00166,29-Apr-26,CFPL,F-53,GOA BAGAYATDAR S. K. V. S. MARYADIT,AL BARAKAH KHALAS DATES 500 Gm,10.0000,08041020,1386.00,APMC_INV,251
INV,CF53/2627/00166,29-Apr-26,CFPL,F-53,GOA BAGAYATDAR S. K. V. S. MARYADIT,Al Barakah Kimia Dates 500 Gm,30.0000,08041020,9801.00,APMC_INV,252
INV,CF53/2627/00167,29-Apr-26,CFPL,F-53,GOA BAGAYATDAR S. K. V. S. MARYADIT,Sunflower Seeds,12.5000,12060010,1806.75,APMC_INV,253
INV,CF53/2627/00167,29-Apr-26,CFPL,F-53,GOA BAGAYATDAR S. K. V. S. MARYADIT,Black Chia Seeds,10.0000,12079990,2079.00,APMC_INV,253
INV,CF53/2627/00168,29-Apr-26,CFPL,F-53,GOA BAGAYATDAR S. K. V. S. MARYADIT,Al Barakah Khanezi Dates 500gm,10.0000,08041020,2475.00,APMC_INV,254
INV,CF53/2627/00168,29-Apr-26,CFPL,F-53,GOA BAGAYATDAR S. K. V. S. MARYADIT,AL BARAKAH KHALAS DATES 500 Gm,10.0000,08041020,1386.00,APMC_INV,255
INV,CF53/2627/00169,29-Apr-26,CFPL,F-53,GOA BAGAYATDAR S. K. V. S. MARYADIT,Sunflower Seeds,12.5000,12060010,1806.75,APMC_INV,256
INV,CF53/2627/00170,29-Apr-26,CFPL,F-53,GOA BAGAYATDAR S. K. V. S. MARYADIT,Al Barakah Khanezi Dates 500gm,20.0000,08041020,4950.00,APMC_INV,257
INV,CF53/2627/00170,29-Apr-26,CFPL,F-53,GOA BAGAYATDAR S. K. V. S. MARYADIT,AL BARAKAH KHALAS DATES 500 Gm,20.0000,08041020,2772.00,APMC_INV,257
INV,CF53/2627/00170,29-Apr-26,CFPL,F-53,GOA BAGAYATDAR S. K. V. S. MARYADIT,Al Barakah Kimia Dates 500 Gm,12.0000,08041020,3920.40,APMC_INV,258
INV,CF53/2627/00171,29-Apr-26,CFPL,F-53,GOA BAGAYATDAR S. K. V. S. MARYADIT,AL BARAKAH DATES SYRUP (400G Packing),0.0000,20079990,1603.80,APMC_INV,259
INV,CF53/2627/00171,29-Apr-26,CFPL,F-53,GOA BAGAYATDAR S. K. V. S. MARYADIT,Black Chia Seeds,30.0000,12079990,6237.00,APMC_INV,259
INV,CF53/2627/00172,29-Apr-26,CFPL,F-53,GOA BAGAYATDAR S. K. V. S. MARYADIT,AL Barakah Premium Emirates Dates 500g,8.0000,08041020,1346.40,APMC_INV,260
INV,CF53/2627/00172,29-Apr-26,CFPL,F-53,GOA BAGAYATDAR S. K. V. S. MARYADIT,Al Barakah Khanezi Dates 500gm,10.0000,08041020,2475.00,APMC_INV,260
INV,CF53/2627/00172,29-Apr-26,CFPL,F-53,GOA BAGAYATDAR S. K. V. S. MARYADIT,AL BARAKAH KHALAS DATES 500 Gm,10.0000,08041020,1386.00,APMC_INV,260
INV,CF53/2627/00172,29-Apr-26,CFPL,F-53,GOA BAGAYATDAR S. K. V. S. MARYADIT,AL BARAKAH SAFAVI DATES 500gm,10.0000,08041020,3564.00,APMC_INV,260
INV,CF53/2627/00172,29-Apr-26,CFPL,F-53,GOA BAGAYATDAR S. K. V. S. MARYADIT,Al Barakah Premium Emirate Date Seedless 500gm,8.0000,08041020,1504.80,APMC_INV,261
INV,CF53/2627/00173,29-Apr-26,CFPL,F-53,GOA BAGAYATDAR S. K. V. S. MARYADIT,Sunflower Seeds,12.5000,12060010,1806.75,APMC_INV,262
INV,CF53/2627/00173,29-Apr-26,CFPL,F-53,GOA BAGAYATDAR S. K. V. S. MARYADIT,Black Chia Seeds,25.0000,12079990,5197.50,APMC_INV,262
INV,CF53/2627/00174,29-Apr-26,CFPL,F-53,GOA BAGAYATDAR S. K. V. S. MARYADIT,AL Barakah Premium Emirates Dates 500g,8.0000,08041020,1346.40,APMC_INV,263
INV,CF53/2627/00174,29-Apr-26,CFPL,F-53,GOA BAGAYATDAR S. K. V. S. MARYADIT,AL BARAKAH FARD DATES PREMIUM - 500g,20.0000,08041020,5148.00,APMC_INV,263
INV,CF53/2627/00174,29-Apr-26,CFPL,F-53,GOA BAGAYATDAR S. K. V. S. MARYADIT,Al Barakah Khanezi Dates 500gm,20.0000,08041020,4950.00,APMC_INV,263
INV,CF53/2627/00174,29-Apr-26,CFPL,F-53,GOA BAGAYATDAR S. K. V. S. MARYADIT,AL BARAKAH KHALAS DATES 500 Gm,10.0000,08041020,1386.00,APMC_INV,263
INV,CF53/2627/00174,29-Apr-26,CFPL,F-53,GOA BAGAYATDAR S. K. V. S. MARYADIT,AL BARAKAH PREMIUM SEEDLESS DATES 500G,8.0000,08041020,1108.80,APMC_INV,263
INV,CF53/2627/00174,29-Apr-26,CFPL,F-53,GOA BAGAYATDAR S. K. V. S. MARYADIT,AL BARAKAH SAFAVI DATES 500gm,10.0000,08041020,3564.00,APMC_INV,263
INV,CF53/2627/00174,29-Apr-26,CFPL,F-53,GOA BAGAYATDAR S. K. V. S. MARYADIT,Al Barakah Premium Emirate Date Seedless 500gm,8.0000,08041020,1504.80,APMC_INV,264
INV,CF53/2627/00175,29-Apr-26,CFPL,F-53,GOA BAGAYATDAR S. K. V. S. MARYADIT,AL BARAKAH DATES SYRUP (400G Packing),0.0000,20079990,1603.80,APMC_INV,265
INV,CF53/2627/00175,29-Apr-26,CFPL,F-53,GOA BAGAYATDAR S. K. V. S. MARYADIT,Sunflower Seeds,25.0000,12060010,3613.50,APMC_INV,265
INV,CF53/2627/00175,29-Apr-26,CFPL,F-53,GOA BAGAYATDAR S. K. V. S. MARYADIT,Black Chia Seeds,25.0000,12079990,5197.50,APMC_INV,266
INV,CF53/2627/00176,29-Apr-26,CFPL,F-53,GOA BAGAYATDAR S. K. V. S. MARYADIT,Al Barakah Kimia Dates 500 Gm,6.0000,08041020,1960.20,APMC_INV,267
INV,CF53/2627/00177,29-Apr-26,CFPL,F-53,GOA BAGAYATDAR S. K. V. S. MARYADIT,AL BARAKAH DATES SYRUP (400G Packing),0.0000,20079990,1603.80,APMC_INV,268
INV,CF53/2627/00177,29-Apr-26,CFPL,F-53,GOA BAGAYATDAR S. K. V. S. MARYADIT,Sunflower Seeds,25.0000,12060010,3613.50,APMC_INV,268
INV,CF53/2627/00178,29-Apr-26,CFPL,F-53,GOA BAGAYATDAR S. K. V. S. MARYADIT,AL Barakah Premium Emirates Dates 500g,16.0000,08041020,2692.80,APMC_INV,269
INV,CF53/2627/00178,29-Apr-26,CFPL,F-53,GOA BAGAYATDAR S. K. V. S. MARYADIT,AL BARAKAH FARD DATES PREMIUM - 500g,10.0000,08041020,2574.00,APMC_INV,269
INV,CF53/2627/00178,29-Apr-26,CFPL,F-53,GOA BAGAYATDAR S. K. V. S. MARYADIT,Al Barakah Khanezi Dates 500gm,20.0000,08041020,4950.00,APMC_INV,269
INV,CF53/2627/00178,29-Apr-26,CFPL,F-53,GOA BAGAYATDAR S. K. V. S. MARYADIT,AL BARAKAH KHALAS DATES 500 Gm,20.0000,08041020,2772.00,APMC_INV,269
INV,CF53/2627/00178,29-Apr-26,CFPL,F-53,GOA BAGAYATDAR S. K. V. S. MARYADIT,AL BARAKAH PREMIUM SEEDLESS DATES 500G,16.0000,08041020,2217.60,APMC_INV,269
INV,CF53/2627/00178,29-Apr-26,CFPL,F-53,GOA BAGAYATDAR S. K. V. S. MARYADIT,AL BARAKAH SAFAVI DATES 500gm,20.0000,08041020,7128.00,APMC_INV,269
INV,CF53/2627/00178,29-Apr-26,CFPL,F-53,GOA BAGAYATDAR S. K. V. S. MARYADIT,Al Barakah Premium Emirate Date Seedless 500gm,8.0000,08041020,1504.80,APMC_INV,270
INV,CF53/2627/00179,29-Apr-26,CFPL,F-53,GOA BAGAYATDAR S. K. V. S. MARYADIT,Sunflower Seeds,25.0000,12060010,3613.50,APMC_INV,271
INV,CF53/2627/00179,29-Apr-26,CFPL,F-53,GOA BAGAYATDAR S. K. V. S. MARYADIT,Black Chia Seeds,10.0000,12079990,2079.00,APMC_INV,271
INV,CF53/2627/00180,29-Apr-26,CFPL,F-53,GOA BAGAYATDAR S. K. V. S. MARYADIT,AL BARAKAH PREMIUM SEEDLESS DATES 500G,8.0000,08041020,1108.80,APMC_INV,272
INV,CF53/2627/00180,29-Apr-26,CFPL,F-53,GOA BAGAYATDAR S. K. V. S. MARYADIT,Al Barakah Kimia Dates 500 Gm,18.0000,08041020,5880.60,APMC_INV,273
INV,CF53/2627/00181,29-Apr-26,CFPL,F-53,GOA BAGAYATDAR S. K. V. S. MARYADIT,Sunflower Seeds,12.5000,12060010,1806.75,APMC_INV,274
INV,CF53/2627/00182,29-Apr-26,CFPL,F-53,Ahlan Luxury Gourmet LLP,Cashew 210,10.0000,08013220,11000.00,APMC_INV,275
INV,CF53/2627/00183,29-Apr-26,CFPL,F-53,PI CAFES AND RESTAURANTS PRIVATE LIMITED,AL BARAKAH DATE SYRUP(1.15KG X 12),27.6000,20079990,7291.20,APMC_INV,276
INV,CF53/2627/00184,29-Apr-26,CFPL,F-53,GOA BAGAYATDAR S. K. V. S. MARYADIT,AL Barakah Premium Emirates Dates 500g,16.0000,08041020,2692.80,APMC_INV,277
INV,CF53/2627/00184,29-Apr-26,CFPL,F-53,GOA BAGAYATDAR S. K. V. S. MARYADIT,AL BARAKAH FARD DATES PREMIUM - 500g,20.0000,08041020,5148.00,APMC_INV,277
INV,CF53/2627/00184,29-Apr-26,CFPL,F-53,GOA BAGAYATDAR S. K. V. S. MARYADIT,Al Barakah Khanezi Dates 500gm,20.0000,08041020,4950.00,APMC_INV,277
INV,CF53/2627/00184,29-Apr-26,CFPL,F-53,GOA BAGAYATDAR S. K. V. S. MARYADIT,AL BARAKAH KHALAS DATES 500 Gm,20.0000,08041020,2772.00,APMC_INV,277
INV,CF53/2627/00184,29-Apr-26,CFPL,F-53,GOA BAGAYATDAR S. K. V. S. MARYADIT,AL BARAKAH PREMIUM SEEDLESS DATES 500G,16.0000,08041020,2217.60,APMC_INV,277
INV,CF53/2627/00184,29-Apr-26,CFPL,F-53,GOA BAGAYATDAR S. K. V. S. MARYADIT,AL BARAKAH SAFAVI DATES 500gm,10.0000,08041020,3564.00,APMC_INV,277
INV,CF53/2627/00184,29-Apr-26,CFPL,F-53,GOA BAGAYATDAR S. K. V. S. MARYADIT,Al Barakah Premium Emirate Date Seedless 500gm,8.0000,08041020,1504.80,APMC_INV,278
INV,CF53/2627/00185,29-Apr-26,CFPL,F-53,GOA BAGAYATDAR S. K. V. S. MARYADIT,AL BARAKAH DATES SYRUP (400G Packing),0.0000,20079990,1603.80,APMC_INV,279
INV,CF53/2627/00185,29-Apr-26,CFPL,F-53,GOA BAGAYATDAR S. K. V. S. MARYADIT,Sunflower Seeds,25.0000,12060010,3613.50,APMC_INV,279
INV,CF53/2627/00186,29-Apr-26,CFPL,F-53,NATIONAL DRYFRUITS,Pumpkin Seed ( 5% ),25.0000,12129990,10250.00,APMC_INV,280
INV,CF53/2627/00187,28-Apr-26,CFPL,F-53,Jagdish Trading Co (APMC),King Solomon Medjoul Dates 500 Gms,400.0000,08041020,396000.00,APMC_INV,281
INV,CF53/2627/00188,29-Apr-26,CFPL,F-53,ROYAL DRY FRUITS,MEDJOUL DATES,50.0000,08041020,63000.00,APMC_INV,283
INV,CF53/2627/00188,29-Apr-26,CFPL,F-53,ROYAL DRY FRUITS,Medjoul Dates Super,25.0000,08041020,34000.00,APMC_INV,283
INV,CF53/2627/00189,28-Apr-26,CFPL,F-53,VIRENDRA ENTERPRISES,King Solomon Medjoul Dates 500 Gms,280.0000,08041020,281260.00,APMC_INV,285
INV,CF53/2627/00190,29-Apr-26,CFPL,F-53,GOA BAGAYATDAR S. K. V. S. MARYADIT,Al Barakah Kimia Dates 500 Gm,30.0000,08041020,9801.00,APMC_INV,287
INV,CF53/2627/00191,29-Apr-26,CFPL,F-53,GOA BAGAYATDAR S. K. V. S. MARYADIT,Sunflower Seeds,12.5000,12060010,1806.75,APMC_INV,288
INV,CF53/2627/00191,29-Apr-26,CFPL,F-53,GOA BAGAYATDAR S. K. V. S. MARYADIT,Black Chia Seeds,5.0000,12079990,1039.50,APMC_INV,288
INV,CF53/2627/00192,29-Apr-26,CFPL,F-53,GOA BAGAYATDAR S. K. V. S. MARYADIT,AL BARAKAH FARD DATES PREMIUM - 500g,20.0000,08041020,5148.00,APMC_INV,289
INV,CF53/2627/00192,29-Apr-26,CFPL,F-53,GOA BAGAYATDAR S. K. V. S. MARYADIT,Al Barakah Khanezi Dates 500gm,20.0000,08041020,4950.00,APMC_INV,289
INV,CF53/2627/00192,29-Apr-26,CFPL,F-53,GOA BAGAYATDAR S. K. V. S. MARYADIT,AL BARAKAH KHALAS DATES 500 Gm,50.0000,08041020,6930.00,APMC_INV,290
INV,CF53/2627/00193,29-Apr-26,CFPL,F-53,GOA BAGAYATDAR S. K. V. S. MARYADIT,Sunflower Seeds,12.5000,12060010,1806.75,APMC_INV,291
INV,CF53/2627/00193,29-Apr-26,CFPL,F-53,GOA BAGAYATDAR S. K. V. S. MARYADIT,Black Chia Seeds,12.5000,12079990,2598.75,APMC_INV,291
INV,CF53/2627/00194,29-Apr-26,CFPL,F-53,GOA BAGAYATDAR S. K. V. S. MARYADIT,AL BARAKAH FARD DATES PREMIUM - 500g,10.0000,08041020,2574.00,APMC_INV,292
INV,CF53/2627/00194,29-Apr-26,CFPL,F-53,GOA BAGAYATDAR S. K. V. S. MARYADIT,Al Barakah Khanezi Dates 500gm,20.0000,08041020,4950.00,APMC_INV,292
INV,CF53/2627/00194,29-Apr-26,CFPL,F-53,GOA BAGAYATDAR S. K. V. S. MARYADIT,AL BARAKAH KHALAS DATES 500 Gm,20.0000,08041020,2772.00,APMC_INV,292
INV,CF53/2627/00194,29-Apr-26,CFPL,F-53,GOA BAGAYATDAR S. K. V. S. MARYADIT,AL BARAKAH PREMIUM SEEDLESS DATES 500G,8.0000,08041020,1108.80,APMC_INV,292
INV,CF53/2627/00194,29-Apr-26,CFPL,F-53,GOA BAGAYATDAR S. K. V. S. MARYADIT,Al Barakah Kimia Dates 500 Gm,18.0000,08041020,5880.60,APMC_INV,293
INV,CF53/2627/00195,29-Apr-26,CFPL,F-53,GOA BAGAYATDAR S. K. V. S. MARYADIT,AL BARAKAH DATES SYRUP (400G Packing),0.0000,20079990,1603.80,APMC_INV,294
INV,CF53/2627/00195,29-Apr-26,CFPL,F-53,GOA BAGAYATDAR S. K. V. S. MARYADIT,Black Chia Seeds,10.0000,12079990,2079.00,APMC_INV,294
INV,CF53/2627/00196,29-Apr-26,CFPL,F-53,GOA BAGAYATDAR S. K. V. S. MARYADIT,Al Barakah Khanezi Dates 500gm,30.0000,08041020,7425.00,APMC_INV,295
INV,CF53/2627/00196,29-Apr-26,CFPL,F-53,GOA BAGAYATDAR S. K. V. S. MARYADIT,AL BARAKAH KHALAS DATES 500 Gm,30.0000,08041020,4158.00,APMC_INV,295
INV,CF53/2627/00196,29-Apr-26,CFPL,F-53,GOA BAGAYATDAR S. K. V. S. MARYADIT,Al Barakah Premium Emirate Date Seedless 500gm,8.0000,08041020,1504.80,APMC_INV,296
INV,CF53/2627/00197,29-Apr-26,CFPL,F-53,GOA BAGAYATDAR S. K. V. S. MARYADIT,AL BARAKAH DATES SYRUP (400G Packing),0.0000,20079990,1603.80,APMC_INV,297
INV,CF53/2627/00197,29-Apr-26,CFPL,F-53,GOA BAGAYATDAR S. K. V. S. MARYADIT,Sunflower Seeds,12.5000,12060010,1806.75,APMC_INV,297
INV,CF53/2627/00197,29-Apr-26,CFPL,F-53,GOA BAGAYATDAR S. K. V. S. MARYADIT,Black Chia Seeds,25.0000,12079990,5197.50,APMC_INV,298
INV,CF53/2627/00198,29-Apr-26,CFPL,F-53,GOA BAGAYATDAR S. K. V. S. MARYADIT,AL BARAKAH KHALAS DATES 500 Gm,20.0000,08041020,2772.00,APMC_INV,299
INV,CF53/2627/00198,29-Apr-26,CFPL,F-53,GOA BAGAYATDAR S. K. V. S. MARYADIT,Al Barakah Khanezi Dates 500gm,20.0000,08041020,4950.00,APMC_INV,299
INV,CF53/2627/00198,29-Apr-26,CFPL,F-53,GOA BAGAYATDAR S. K. V. S. MARYADIT,Al Barakah Kimia Dates 500 Gm,12.0000,08041020,3920.40,APMC_INV,300
INV,CF53/2627/00199,29-Apr-26,CFPL,F-53,TRUE NATURES DELIGHT LLP,AL BARAKAH DEHYDRATED DATE POWDER 250G,3.0000,11063090,1764.00,APMC_INV,301
INV,CF53/2627/00200,29-Apr-26,CFPL,F-53,NATIONAL DRYFRUITS,Cashew 400,50.0000,08013220,40000.00,APMC_INV,302
INV,CF53/2627/00202,2-May-26,CFPL,F-53,Omsom Super Industries Private Limited,Pumpkin Seed ( 5% ),250.0000,12129990,98750.00,APMC_INV,305
INV,CF53/2627/00203,29-Apr-26,CFPL,F-53,Jagdish Trading Co (APMC),King Solomon Medjoul Dates 500 Gms,160.0000,08041020,158400.00,APMC_INV,307
INV,CF53/2627/00204,2-May-26,CFPL,F-53,VIRCHAND KHIMJI AND CO.,Sunflower Seeds,25.0000,12060010,3750.00,APMC_INV,309
INV,CF53/2627/00205,2-May-26,CFPL,F-53,Jagdish Trading Co (APMC),Dried Blueberry,4.5400,20089919,6129.00,APMC_INV,310
INV,CF53/2627/00206,30-Apr-26,CFPL,F-53,Jagdish Trading Co (APMC),King Solomon Medjoul Dates 500 Gms,120.0000,08041020,118800.00,APMC_INV,311
INV,CF53/2627/00207,30-Apr-26,CFPL,F-53,VIRENDRA ENTERPRISES,King Solomon Medjoul Dates 500 Gms,160.0000,08041020,160720.00,APMC_INV,313
INV,CF53/2627/00208,6-May-26,CFPL,F-53,PATEL RETAIL LIMITED,AL BARAKAH FARD DATES PREMIUM - 500g,60.0000,08041020,15444.00,APMC_INV,315
INV,CF53/2627/00209,6-May-26,CFPL,F-53,NATIONAL DRYFRUITS,Sunflower Seeds,25.0000,12060010,3750.00,APMC_INV,316
INV,CF53/2627/00210,2-May-26,CFPL,F-53,Jagdish Trading Co (APMC),King Solomon Medjoul Dates 500 Gms,320.0000,08041020,316800.00,APMC_INV,317
INV,CF53/2627/00211,6-May-26,CFPL,F-53,Jagdish Trading Co (APMC),Brazil Nuts,5.0000,08012200,14500.00,APMC_INV,319
INV,CF53/2627/00212,4-May-26,CFPL,F-53,NILESH SUPER MARKET PVT.LTD.,Aldaka Medjool,125.0000,08041020,156250.00,APMC_INV,320
INV,CF53/2627/00212,4-May-26,CFPL,F-53,NILESH SUPER MARKET PVT.LTD.,Aldaka Medjool,50.0000,08041020,55000.00,APMC_INV,320
INV,CF53/2627/00213,6-May-26,CFPL,F-53,Maharashtra Stores,Al Barakah Khanezi Dates 500gm,30.0000,08041020,7500.00,APMC_INV,322
INV,CF53/2627/00214,2-May-26,CFPL,F-53,PRASHANT CORNER PRIVATE LIMITED,Slivered Almonds,226.8000,08021200,208656.00,APMC_INV,323
INV,CF53/2627/00215,2-May-26,CFPL,F-53,PRASHANT CORNER PRIVATE LIMITED,Dried Cranberry Sliced,34.0200,20089300,13948.20,APMC_INV,325
INV,CF53/2627/00216,6-May-26,CFPL,F-53,HEERSON,Dried Prunes (Pitted),11.3400,08132000,7371.00,APMC_INV,327
INV,CF53/2627/00217,4-May-26,CFPL,F-53,Jagdish Trading Co (APMC),King Solomon Medjoul Dates 500 Gms,328.0000,08041020,324720.00,APMC_INV,328
INV,CF53/2627/00218,4-May-26,CFPL,F-53,AGROSTARC PRIVATE LIMITED,Cashew Tukda,2500.0000,08013210,1600000.00,APMC_INV,330
INV,CF53/2627/00219,4-May-26,CFPL,F-53,AGROSTARC PRIVATE LIMITED,Water Melon Seed,600.0000,12129990,360000.00,APMC_INV,332
INV,CF53/2627/00220,8-May-26,CFPL,F-53,MARVELOUS VICKYFOODS PRIVATE LIMITED,Cashew Split,27.0000,08013210,21330.00,APMC_INV,334
INV,CF53/2627/00221,7-May-26,CFPL,F-53,Joshi Brothers,Pumpkin Seed ( 5% ),240.0000,12129990,94800.00,APMC_INV,335
INV,CF53/2627/00221,7-May-26,CFPL,F-53,Joshi Brothers,Sunflower Seeds,60.0000,12060010,9000.00,APMC_INV,335
INV,CF53/2627/00222,5-May-26,CFPL,F-53,Jagdish Trading Co (APMC),California Pista Inshell,567.0000,08025100,594000.54,APMC_INV,337
INV,CF53/2627/00223,5-May-26,CFPL,F-53,Jagdish Trading Co (APMC),King Solomon Medjoul Dates 500 Gms,480.0000,08041020,475200.00,APMC_INV,339
INV,CF53/2627/00224,8-May-26,CFPL,F-53,BEAUTIFUL COSMO PRODUCTS PRIVATE,Dried Prunes (Pitted),11.3400,08132000,7371.00,APMC_INV,341
INV,CF53/2627/00225,8-May-26,CFPL,F-53,Jagdish Trading Co (APMC),Dried Prunes (Pitted),11.3400,08132000,7314.30,APMC_INV,342
INV,CF53/2627/00226,6-May-26,CFPL,F-53,Jagdish Trading Co (APMC),King Solomon Medjoul Dates 500 Gms,320.0000,08041020,316800.00,APMC_INV,343
INV,CF53/2627/00227,8-May-26,CFPL,F-53,Jagdish Trading Co (APMC),American Almonds,30.0000,08021200,25230.00,APMC_INV,345
INV,CF53/2627/00227,8-May-26,CFPL,F-53,Jagdish Trading Co (APMC),Anjeer Chutta,14.5000,08042090,8279.50,APMC_INV,345
INV,CF53/2627/00228,8-May-26,CFPL,F-53,J N BAROT ENTERPRISES LLP,Dried Blueberry,4.5400,20089919,6129.00,APMC_INV,346
INV,CF53/2627/00229,6-May-26,CFPL,F-53,Rajasthan Trading Co.,Hazelnut Blanched,100.0000,08022200,202500.00,APMC_INV,347
INV,CF53/2627/00230,8-May-26,CFPL,F-53,H RAMANLAL VITHALDAS & SONS,Pecan Nuts,5.0000,20081990,8575.00,APMC_INV,349
INV,CF53/2627/00231,8-May-26,CFPL,F-53,PATEL RETAIL LIMITED,AL BARAKAH FARD DATES PREMIUM - 500g,50.0000,08041020,12870.00,APMC_INV,350
INV,CF53/2627/00231,8-May-26,CFPL,F-53,PATEL RETAIL LIMITED,Al Barakah Premium Emirate Date Seedless 500gm,15.0000,08041020,2673.00,APMC_INV,350
INV,CF53/2627/00231,8-May-26,CFPL,F-53,PATEL RETAIL LIMITED,AL BARAKAH PREMIUM SEEDLESS DATES 500G,16.0000,08041020,2217.60,APMC_INV,351
INV,CF53/2627/00232,7-May-26,CFPL,F-53,Ramraj Sales,King Solomon Medjoul Dates 500 Gms,160.0000,08041020,168560.00,APMC_INV,352
INV,CF53/2627/00233,7-May-26,CFPL,F-53,Jagdish Trading Co (APMC),King Solomon Medjoul Dates 500 Gms,320.0000,08041020,316800.00,APMC_INV,354
INV,CF53/2627/00234,8-May-26,CFPL,F-53,ARMACAR HOLDINGS PRIVATE LIMITED,California Pista,22.6800,08025100,25855.20,APMC_INV,356
INV,CF53/2627/00235,8-May-26,CFPL,F-53,MAA NAGANARAY DRY FRUIT,Macadamia Vanilla,10.0000,20081920,9500.00,APMC_INV,357
INV,CF53/2627/00236,7-May-26,CFPL,F-53,Jagdish Trading Co (APMC),Medjoul Dates Super,2010.0000,08041020,2482350.00,APMC_INV,358
INV,CF53/2627/00237,7-May-26,CFPL,F-53,Jagdish Trading Co (APMC),Pecan Nuts,5.0000,20081990,8375.00,APMC_INV,360
INV,CF53/2627/00238,7-May-26,CFPL,F-53,BREEZE AGENCIES,California Pista Inshell,113.4000,08025100,124173.00,APMC_INV,362
INV,CF53/2627/00239,12-May-26,CFPL,F-53,PATEL RETAIL LIMITED,AL Barakah Premium Emirates Dates 500g,400.0000,08041020,63360.00,APMC_INV,364
INV,CF53/2627/00240,8-May-26,CFPL,F-53,Jagdish Trading Co (APMC),King Solomon Medjoul Dates 500 Gms,200.0000,08041020,198000.00,APMC_INV,365
INV,CF53/2627/00241,8-May-26,CFPL,F-53,Jagdish Trading Co (APMC),California Pista Inshell,1190.7000,08025100,1247401.13,APMC_INV,367
INV,CF53/2627/00242,12-May-26,CFPL,F-53,Jagdish Trading Co (APMC),Pumpkin Seed ( 5% ),5.0000,12129990,2050.00,APMC_INV,369
INV,CF53/2627/00243,9-May-26,CFPL,F-53,Jagdish Trading Co (APMC),King Solomon Medjoul Dates 500 Gms,320.0000,08041020,316800.00,APMC_INV,370
INV,CF53/2627/00244,9-May-26,CFPL,F-53,GIR INTERNATIONAL,King Solomon Medjoul Dates 500 Gms,400.0000,08041020,410000.00,APMC_INV,372
INV,CF53/2627/00244,9-May-26,CFPL,F-53,GIR INTERNATIONAL,King Solomon Medjoul Junior 500g,80.0000,08041020,104000.00,APMC_INV,372
INV,CF53/2627/00244,9-May-26,CFPL,F-53,GIR INTERNATIONAL,Maryam Dates,200.0000,08041020,117000.00,APMC_INV,373
INV,CF53/2627/00245,11-May-26,CFPL,F-53,Jagdish Trading Co (APMC),King Solomon Medjoul Dates 500 Gms,120.0000,08041020,118800.00,APMC_INV,375
INV,CF53/2627/00246,11-May-26,CFPL,F-53,DARSHANI ENTERPRISES,Independence Almonds,1020.0000,08021200,734706.00,APMC_INV,377
INV,CF53/2627/00247,11-May-26,CFPL,F-53,DARSHANI ENTERPRISES,Independence Almonds,990.0000,08021200,713097.00,APMC_INV,379
INV,CF53/2627/00248,16-May-26,CFPL,F-53,PREMSONS BAZAAR SALES,Almond Kernel,464.5000,08021200,163842.60,APMC_INV,381
INV,CF53/2627/00248,16-May-26,CFPL,F-53,PREMSONS BAZAAR SALES,Cashew Kernel,872.9000,08013210,121149.11,APMC_INV,381
INV,CF53/2627/00248,16-May-26,CFPL,F-53,PREMSONS BAZAAR SALES,Mazafati Dates,595.1500,08041020,29309.80,APMC_INV,381
INV,CF53/2627/00248,16-May-26,CFPL,F-53,PREMSONS BAZAAR SALES,California Pista,144.8500,08025100,58869.70,APMC_INV,381
INV,CF53/2627/00248,16-May-26,CFPL,F-53,PREMSONS BAZAAR SALES,Indian Green Raisins,103.0000,08062010,15751.55,APMC_INV,382
INV,CF53/2627/00249,16-May-26,CFPL,F-53,DWARKA SWEETS LLP,Al Barakah Kimia Dates 500 Gm,12.0000,08041020,4080.00,APMC_INV,383
INV,CF53/2627/00250,12-May-26,CFPL,F-53,Jagdish Trading Co (APMC),King Solomon Medjoul Dates 500 Gms,240.0000,08041020,237600.00,APMC_INV,384
INV,CF53/2627/00251,12-May-26,CFPL,F-53,Jagdish Trading Co (APMC),California Pista Inshell,340.2000,08025100,356400.32,APMC_INV,386
INV,CF53/2627/00252,16-May-26,CFPL,F-53,D. Harumal Gangaram and Sons LLP,Cashew Tukda,20.0000,08013210,11800.00,APMC_INV,388
INV,CF53/2627/00253,12-May-26,CFPL,F-53,Delicious Cashew Company,American Almonds,1000.0000,08021200,811000.00,APMC_INV,389
INV,CF53/2627/00253,12-May-26,CFPL,F-53,Delicious Cashew Company,Fardh Dates,250.0000,08041020,58750.00,APMC_INV,389
INV,CF53/2627/00253,12-May-26,CFPL,F-53,Delicious Cashew Company,Ajwa Dates,70.0000,08041020,61600.00,APMC_INV,389
INV,CF53/2627/00253,12-May-26,CFPL,F-53,Delicious Cashew Company,Medjoul Dates Large,40.0000,08041020,42000.00,APMC_INV,390
INV,CF53/2627/00254,16-May-26,CFPL,F-53,NATIONAL DRYFRUITS,Cashew 210,20.0000,08013220,22000.00,APMC_INV,392
INV,CF53/2627/00255,13-May-26,CFPL,F-53,Jagdish Trading Co (APMC),King Solomon Medjoul Dates 500 Gms,160.0000,08041020,158400.00,APMC_INV,393
INV,CF53/2627/00256,13-May-26,CFPL,F-53,PSELVAMANI AND BROTHERS,Independence Almonds,300.0000,08021200,222750.00,APMC_INV,395
INV,CF53/2627/00258,13-May-26,CFPL,F-53,BHAGAT SINGH TRADERS,AL BARAKAH FARD DATES PREMIUM - 500g,5.0000,08041020,1300.00,APMC_INV,399
INV,CF53/2627/00259,13-May-26,CFPL,F-53,PRASHANT CORNER PRIVATE LIMITED,Almond Kernel,30.0000,08021200,25200.00,APMC_INV,400
INV,CF53/2627/00260,13-May-26,CFPL,F-53,CAFE GALLERIES & STORES SALE,MEDJOUL DATES,5.0000,08041020,6375.00,APMC_INV,401
INV,CF53/2627/00261,13-May-26,CFPL,F-53,CAFE GALLERIES & STORES SALE,Deglet Dates,5.0000,08041020,2950.00,APMC_INV,402
INV,CF53/2627/00262,13-May-26,CFPL,F-53,CAFE GALLERIES & STORES SALE,Medjoul Dates,3.5000,08041020,6475.00,APMC_INV,403
INV,CF53/2627/00263,14-May-26,CFPL,F-53,AESHA ENTERPRISE,California Pista Inshell,272.1600,08025100,298080.52,APMC_INV,404
INV,CF53/2627/00264,14-May-26,CFPL,F-53,GURUKRUPA DRYFRUITS,Al Barakah Kimia Dates 500 Gm,90.0000,08041020,30600.00,APMC_INV,406
INV,CF53/2627/00265,14-May-26,CFPL,F-53,Jagdish Trading Co (APMC),Black Chia Seeds,5.0000,12079990,1250.00,APMC_INV,407
INV,CF53/2627/00265,14-May-26,CFPL,F-53,Jagdish Trading Co (APMC),Sunflower Seeds,5.0000,12060010,825.00,APMC_INV,407
INV,CF53/2627/00266,14-May-26,CFPL,F-53,THE FOODLIFE BY DIN DIN,Dried Cranberry,11.3400,20089300,5341.14,APMC_INV,408
INV,CF53/2627/00267,15-May-26,CFPL,F-53,Jagdish Trading Co (APMC),King Solomon Medjoul Dates 500 Gms,680.0000,08041020,673200.00,APMC_INV,409
INV,CF53/2627/00268,15-May-26,CFPL,F-53,ANAND & COMPANY,Hazelnut Kernal,80.0000,08022200,164000.00,APMC_INV,411
INV,CF53/2627/00269,15-May-26,CFPL,F-53,GOLD TREE NUTS PRIVATE LIMITED,Macadamia Vanilla,69.7000,20081920,59245.00,APMC_INV,413
INV,CF53/2627/00269,15-May-26,CFPL,F-53,GOLD TREE NUTS PRIVATE LIMITED,"NUTS CUTTER 95,245.00",0.0000,82079090,36000.00,APMC_INV,413
INV,CF53/2627/00270,15-May-26,CFPL,F-53,GIR INTERNATIONAL,AL BARAKAH FARD DATES PREMIUM - 500g,3200.0000,08041020,848000.00,APMC_INV,415
INV,CF53/2627/00271,15-May-26,CFPL,F-53,VIRENDRA ENTERPRISES,King Solomon Medjoul Dates 500 Gms,320.0000,08041020,337120.00,APMC_INV,417
INV,CF53/2627/00272,15-May-26,CFPL,F-53,Shreeji Enterprises,Pumpkin Seeds,15.0000,20081930,6750.00,APMC_INV,419
INV,CF53/2627/00273,15-May-26,CFPL,F-53,SHAH CASHEW MART,American Almonds,176.2000,08021200,51979.00,APMC_INV,420
INV,CF53/2627/00274,16-May-26,CFPL,F-53,Jagdish Trading Co (APMC),King Solomon Medjoul Dates 500 Gms,160.0000,08041020,158400.00,APMC_INV,421
INV,CF53/2627/00275,16-May-26,CFPL,F-53,Jagdish Trading Co (APMC),California Pista Inshell,374.2200,08025100,392040.36,APMC_INV,423
INV,CF53/2627/00276,16-May-26,CFPL,F-53,PRASHANT CORNER PRIVATE LIMITED,American Almonds,1020.0000,08021200,846600.00,APMC_INV,425
INV,CF53/2627/00277,16-May-26,CFPL,F-53,BEBOS CHOCOLATE WORLD,Cashew 240,10.0000,08013220,9700.00,APMC_INV,427
INV,CF53/2627/00278,16-May-26,CFPL,F-53,NATIONAL DRYFRUITS,CASHEW 450,30.0000,08013220,24000.00,APMC_INV,428
INV,CF53/2627/00278,16-May-26,CFPL,F-53,NATIONAL DRYFRUITS,Cashew 180,10.0000,08013220,12000.00,APMC_INV,428
INV,CF53/2627/00279,16-May-26,CFPL,F-53,Om Dryfruits,Cashew Split,20.0000,08013210,18000.00,APMC_INV,429
INV,CF53/2627/00280,18-May-26,CFPL,F-53,Jagdish Trading Co (APMC),King Solomon Medjoul Dates 500 Gms,280.0000,08041020,277200.00,APMC_INV,430
INV,CF53/2627/00281,18-May-26,CFPL,F-53,Jagdish Trading Co (APMC),AL BARAKAH FARD,520.0000,08041020,156000.00,APMC_INV,432
